STATE_CODE,STATE_CODE_EXP,SHRP_ID,MRI,INITIAL_IRI,AADTT_ALL_TRUCKS_TREND,TOTAL_ANN_PRECIP,MEAN_ANN_TEMP_AVG,FREEZE_INDEX_YR,FREEZE_THAW_YR,PAVEMENT_AGE,SN
26,Michigan,1001,1.0269999504089355,1.0269999504089355,40,937.0999755859376,7.400000095367432,492,135,18.357289527720738,2.4945669291338586
26,Michigan,1001,0.7440000176429749,1.0269999504089355,40,937.0999755859376,7.400000095367432,492,135,18.89390828199863,2.4945669291338586
26,Michigan,1001,0.8299999833106995,1.0269999504089355,68,1019.4000244140624,7.400000095367432,653,102,19.353867214236825,2.4945669291338586
26,Michigan,1001,0.7450000047683716,1.0269999504089355,68,1019.4000244140624,7.400000095367432,653,102,19.854893908281998,2.4945669291338586
26,Michigan,1001,0.7329999804496765,1.0269999504089355,55,820.2999877929688,5.900000095367432,549,135,21.06776180698152,2.4945669291338586
26,Michigan,1001,0.7540000081062317,1.0269999504089355,78,734.2000122070312,6.099999904632568,725,112,22.171115674195757,2.4945669291338586
26,Michigan,1001,0.8140000104904175,1.0269999504089355,79,805.7000122070312,6.300000190734863,904,107,23.28268309377139,2.4945669291338586
26,Michigan,1001,0.7310000061988831,1.0269999504089355,117,722.4000244140625,5.900000095367432,656,122,25.78781656399726,2.4945669291338586
26,Michigan,1001,0.7350000143051147,1.0269999504089355,126,715.5,8.5,406,117,27.175906913073238,2.4945669291338586
26,Michigan,1001,0.7390000224113464,1.0269999504089355,84,886.7999877929688,7.900000095367432,464,103,29.856262833675565,2.4945669291338586
26,Michigan,1001,0.753000020980835,1.0269999504089355,55,769.0,6.300000190734863,794,98,31.60848733744011,2.4945669291338586
30,Montana,1001,1.0390000343322754,1.0390000343322754,151,634.2000122070312,6.0,774,116,7.123887748117728,3.8219291338582684
30,Montana,1001,1.0399999618530271,1.0390000343322754,172,360.3999938964844,7.300000190734863,603,127,7.759069130732375,3.8219291338582684
30,Montana,1001,1.0080000162124634,1.0390000343322754,172,360.3999938964844,7.300000190734863,603,127,8.216290212183436,3.8219291338582684
30,Montana,1001,1.024999976158142,1.0390000343322754,155,458.7000122070313,7.5,465,138,9.27583846680356,3.8219291338582684
30,Montana,1001,1.065000057220459,1.0390000343322754,168,455.1000061035156,7.699999809265137,373,145,10.069815195071868,3.8219291338582684
30,Montana,1001,1.0789999961853027,1.0390000343322754,172,772.0,5.5,735,128,11.159479808350445,3.8219291338582684
30,Montana,1001,1.1089999675750732,1.0390000343322754,195,332.8999938964844,7.699999809265137,542,125,11.983572895277208,3.8219291338582684
30,Montana,1001,1.0709999799728394,1.0390000343322754,200,633.7999877929688,6.800000190734863,529,127,13.193702943189596,3.8219291338582684
30,Montana,1001,1.1200000047683716,1.0390000343322754,214,428.5,4.900000095367432,1169,115,14.113620807665983,3.8219291338582684
30,Montana,1001,1.093000054359436,1.0390000343322754,212,504.7999877929688,7.099999904632568,559,120,15.189596167008897,3.8219291338582684
30,Montana,1001,1.2359999418258667,1.0390000343322754,199,457.2999877929688,7.900000095367432,497,126,15.85763175906913,3.8219291338582684
50,Vermont,1002,1.2200000286102295,1.2200000286102295,290,1063.300048828125,5.900000095367432,1034,86,5.223819301848049,7.351889763779528
50,Vermont,1002,1.2070000171661377,1.2200000286102295,220,1285.800048828125,7.800000190734863,458,114,5.848049281314168,7.351889763779528
50,Vermont,1002,1.065999984741211,1.2200000286102295,225,867.5999755859375,7.400000095367432,661,97,6.767967145790554,7.351889763779528
50,Vermont,1002,1.118000030517578,1.2200000286102295,240,872.7999877929688,5.800000190734863,769,115,7.975359342915811,7.351889763779528
50,Vermont,1002,1.412999987602234,1.2200000286102295,224,952.5999755859376,6.099999904632568,987,92,9.54962354551677,7.351889763779528
50,Vermont,1002,1.156000018119812,1.2200000286102295,224,952.5999755859376,6.099999904632568,987,92,9.69472963723477,7.351889763779528
50,Vermont,1002,1.3339999914169312,1.2200000286102295,224,952.5999755859376,6.099999904632568,987,92,9.979466119096509,7.351889763779528
50,Vermont,1002,1.2239999771118164,1.2200000286102295,224,952.5999755859376,6.099999904632568,987,92,10.225872689938399,7.351889763779528
50,Vermont,1002,1.2369999885559082,1.2200000286102295,224,1023.7999877929688,7.0,742,94,10.431211498973306,7.351889763779528
50,Vermont,1002,1.47599995136261,1.2200000286102295,224,1023.7999877929688,7.0,742,94,10.557152635181383,7.351889763779528
50,Vermont,1002,1.159999966621399,1.2200000286102295,224,1023.7999877929688,7.0,742,94,10.792607802874743,7.351889763779528
50,Vermont,1002,1.212000012397766,1.2200000286102295,224,1023.7999877929688,7.0,742,94,10.97056810403833,7.351889763779528
50,Vermont,1002,1.2400000095367432,1.2200000286102295,248,1082.5999755859375,7.400000095367432,715,101,12.268309377138946,7.351889763779528
50,Vermont,1002,1.284000039100647,1.2200000286102295,262,975.2999877929688,5.699999809265137,705,130,12.457221081451062,7.351889763779528
50,Vermont,1002,1.508999943733215,1.2200000286102295,262,975.2999877929688,5.699999809265137,705,130,12.550308008213552,7.351889763779528
50,Vermont,1002,1.1820000410079956,1.2200000286102295,262,975.2999877929688,5.699999809265137,705,130,12.681724845995893,7.351889763779528
50,Vermont,1002,1.2719999551773071,1.2200000286102295,262,975.2999877929688,5.699999809265137,705,130,12.93908281998631,7.351889763779528
50,Vermont,1002,1.2619999647140503,1.2200000286102295,262,975.2999877929688,5.699999809265137,705,130,13.22655715263518,7.351889763779528
50,Vermont,1002,1.350000023841858,1.2200000286102295,257,1362.4000244140625,7.800000190734863,479,115,13.878165639972622,7.351889763779528
50,Vermont,1002,1.3949999809265137,1.2200000286102295,380,954.0,7.800000190734863,621,112,14.94592744695414,7.351889763779528
50,Vermont,1002,1.2990000247955322,1.2200000286102295,380,954.0,7.800000190734863,621,112,15.156741957563312,7.351889763779528
50,Vermont,1002,1.753000020980835,1.2200000286102295,392,1172.0999755859375,6.300000190734863,804,96,15.589322381930184,7.351889763779528
50,Vermont,1002,1.399999976158142,1.2200000286102295,392,1172.0999755859375,6.300000190734863,804,96,15.849418206707734,7.351889763779528
50,Vermont,1002,1.3240000009536743,1.2200000286102295,392,1172.0999755859375,6.300000190734863,804,96,16.15879534565366,7.351889763779528
50,Vermont,1002,1.6269999742507937,1.2200000286102295,325,767.0999755859375,7.5,582,119,16.44626967830253,7.351889763779528
50,Vermont,1002,1.4329999685287476,1.2200000286102295,325,767.0999755859375,7.5,582,119,16.632443531827516,7.351889763779528
50,Vermont,1002,1.4819999933242798,1.2200000286102295,325,767.0999755859375,7.5,582,119,16.76659822039699,7.351889763779528
50,Vermont,1002,1.3380000591278076,1.2200000286102295,325,767.0999755859375,7.5,582,119,16.843258042436688,7.351889763779528
50,Vermont,1002,1.4450000524520874,1.2200000286102295,325,767.0999755859375,7.5,582,119,17.021218343600275,7.351889763779528
50,Vermont,1002,1.434000015258789,1.2200000286102295,325,767.0999755859375,7.5,582,119,17.286789869952088,7.351889763779528
50,Vermont,1002,1.531000018119812,1.2200000286102295,292,1015.9000244140624,7.099999904632568,548,142,17.519507186858316,7.351889763779528
50,Vermont,1002,1.4290000200271606,1.2200000286102295,292,1015.9000244140624,7.099999904632568,548,142,17.5523613963039,7.351889763779528
50,Vermont,1002,1.496000051498413,1.2200000286102295,292,1015.9000244140624,7.099999904632568,548,142,17.76865160848734,7.351889763779528
50,Vermont,1002,1.472000002861023,1.2200000286102295,292,1015.9000244140624,7.099999904632568,548,142,18.017796030116358,7.351889763779528
50,Vermont,1002,1.4830000400543213,1.2200000286102295,292,1015.9000244140624,7.099999904632568,548,142,18.26694045174538,7.351889763779528
50,Vermont,1002,1.496000051498413,1.2200000286102295,302,1249.199951171875,6.0,1002,97,18.42299794661191,7.351889763779528
50,Vermont,1002,1.4240000247955322,1.2200000286102295,302,1249.199951171875,6.0,1002,97,18.765229295003422,7.351889763779528
50,Vermont,1002,1.4479999542236328,1.2200000286102295,302,1249.199951171875,6.0,1002,97,18.899383983572896,7.351889763779528
50,Vermont,1002,1.4429999589920044,1.2200000286102295,302,1249.199951171875,6.0,1002,97,19.238877481177276,7.351889763779528
15,Hawaii,1003,2.515000104904175,2.515000104904175,170,676.2000122070312,24.200000762939453,0,0,7.055441478439425,4.417086614173229
15,Hawaii,1003,2.440999984741211,2.515000104904175,126,699.2999877929688,23.799999237060547,0,0,9.007529089664613,4.417086614173229
15,Hawaii,1003,2.4040000438690186,2.515000104904175,138,466.5,24.200000762939453,0,0,11.137577002053389,4.417086614173229
15,Hawaii,1003,2.525000095367432,2.515000104904175,84,936.2999877929688,24.200000762939453,0,0,13.05407255304586,4.417086614173229
15,Hawaii,1003,2.496999979019165,2.515000104904175,166,547.4000244140625,23.700000762939453,0,0,15.178644763860369,4.417086614173229
15,Hawaii,1003,2.5,2.515000104904175,194,517.0,24.0,0,0,17.596167008898014,4.417086614173229
15,Hawaii,1003,2.46399998664856,2.515000104904175,165,699.7000122070312,24.399999618530277,0,0,19.1129363449692,4.417086614173229
17,Illinois,1003,0.9610000252723694,0.9610000252723694,212,1235.800048828125,14.0,95,91,3.468856947296372,6.208346456692914
17,Illinois,1003,0.9919999837875366,0.9610000252723694,212,1235.800048828125,14.0,95,91,3.8165639972621492,6.208346456692914
17,Illinois,1003,0.9259999990463256,0.9610000252723694,212,1235.800048828125,14.0,95,91,4.1943874058863795,6.208346456692914
17,Illinois,1003,0.944000005722046,0.9610000252723694,208,993.7999877929688,14.0,156,77,5.212867898699521,6.208346456692914
17,Illinois,1003,0.9679999947547911,0.9610000252723694,247,808.4000244140625,13.800000190734863,46,78,6.017796030116359,6.208346456692914
17,Illinois,1003,0.9259999990463256,0.9610000252723694,286,979.5,13.399999618530272,203,62,7.285420944558521,6.208346456692914
17,Illinois,1003,0.9419999718666076,0.9610000252723694,305,1149.9000244140625,13.0,222,70,8.41889117043121,6.208346456692914
17,Illinois,1003,0.9890000224113464,0.9610000252723694,375,919.7000122070312,12.800000190734863,194,69,10.625598904859686,6.208346456692914
17,Illinois,1003,1.0210000276565552,0.9610000252723694,379,940.5999755859376,13.899999618530272,132,81,12.281998631074606,6.208346456692914
17,Illinois,1003,1.0640000104904177,0.9610000252723694,379,940.5999755859376,13.899999618530272,132,81,12.876112251882272,6.208346456692914
17,Illinois,1003,0.9900000095367432,0.9610000252723694,405,1200.4000244140625,12.899999618530272,288,83,14.160164271047227,6.208346456692914
17,Illinois,1003,1.0260000228881836,0.9610000252723694,465,946.7000122070312,13.699999809265137,135,84,14.967830253251197,6.208346456692914
17,Illinois,1003,1.0570000410079956,0.9610000252723694,645,1329.300048828125,13.199999809265137,202,69,17.90280629705681,6.208346456692914
29,Missouri,1005,0.7900000214576721,0.7900000214576721,598,1348.699951171875,14.300000190734863,86,84,15.997262149212867,4.462913385826772
29,Missouri,1005,0.8190000057220459,0.7900000214576721,598,1348.699951171875,14.300000190734863,86,84,16.61601642710472,4.462913385826772
29,Missouri,1005,0.7879999876022339,0.7900000214576721,317,1013.0999755859376,13.199999809265137,34,84,17.793292265571527,4.462913385826772
29,Missouri,1005,0.8109999895095825,0.7900000214576721,447,1531.4000244140625,12.800000190734863,163,78,18.869267624914443,4.462913385826772
29,Missouri,1005,0.718999981880188,0.7900000214576721,499,1365.300048828125,13.600000381469728,168,65,20.024640657084188,4.462913385826772
29,Missouri,1005,0.7639999985694885,0.7900000214576721,472,869.7000122070312,12.899999618530272,173,72,22.872005475701574,4.462913385826772
29,Missouri,1005,0.796999990940094,0.7900000214576721,513,1315.699951171875,14.800000190734863,95,56,23.956194387405887,4.462913385826772
29,Missouri,1005,0.7990000247955322,0.7900000214576721,542,811.0,14.699999809265137,106,60,24.788501026694046,4.462913385826772
29,Missouri,1005,0.8259999752044678,0.7900000214576721,730,714.9000244140625,14.300000190734863,170,64,25.71663244353183,4.462913385826772
29,Missouri,1005,0.824999988079071,0.7900000214576721,760,1076.199951171875,15.0,65,66,26.986995208761122,4.462913385826772
29,Missouri,1005,0.878000020980835,0.7900000214576721,789,957.2999877929688,12.600000381469728,189,102,27.800136892539356,4.462913385826772
29,Missouri,1005,0.8880000114440918,0.7900000214576721,860,1202.800048828125,13.399999618530272,183,60,30.11362080766598,4.462913385826772
15,Hawaii,1006,2.4200000762939453,2.4200000762939453,154,674.2999877929688,24.200000762939453,0,0,10.64476386036961,3.435944881889764
15,Hawaii,1006,2.3320000171661377,2.4200000762939453,188,701.7999877929688,23.799999237060547,0,0,12.591375770020534,3.435944881889764
15,Hawaii,1006,2.6619999408721924,2.4200000762939453,202,470.7999877929688,24.200000762939453,0,0,14.718685831622176,3.435944881889764
15,Hawaii,1006,2.378999948501587,2.4200000762939453,229,936.0,24.200000762939453,0,0,16.640657084188913,3.435944881889764
15,Hawaii,1006,2.4119999408721924,2.4200000762939453,157,548.2999877929688,23.700000762939453,0,0,18.76249144421629,3.435944881889764
15,Hawaii,1006,2.361999988555908,2.4200000762939453,220,518.2999877929688,24.0,0,0,21.180013689253936,3.435944881889764
15,Hawaii,1006,2.318000078201294,2.4200000762939453,182,700.4000244140625,24.399999618530277,0,0,22.69678302532512,3.435944881889764
15,Hawaii,1008,1.807000041007996,1.807000041007996,351,786.5,23.700000762939453,0,0,6.825462012320329,3.8898031496062995
15,Hawaii,1008,1.875,1.807000041007996,258,738.0999755859375,23.399999618530277,0,0,8.802190280629706,3.8898031496062995
15,Hawaii,1008,1.8049999475479128,1.807000041007996,324,722.2999877929688,23.700000762939453,0,0,10.907597535934292,3.8898031496062995
15,Hawaii,1008,1.875,1.807000041007996,289,1132.5,23.700000762939453,0,0,12.780287474332649,3.8898031496062995
15,Hawaii,1008,1.99399995803833,1.807000041007996,377,584.5,22.700000762939453,0,0,14.910335386721425,3.8898031496062995
15,Hawaii,1008,2.1029999256134038,1.807000041007996,357,822.0,23.200000762939453,0,0,17.363449691991786,3.8898031496062995
15,Hawaii,1008,2.1689999103546143,1.807000041007996,491,501.5,22.899999618530277,0,0,18.844626967830255,3.8898031496062995
45,South Carolina,1008,1.4390000104904177,1.4390000104904177,62,1645.0999755859375,16.299999237060547,1,53,20.254620123203285,2.720236220472441
26,Michigan,1010,1.1829999685287476,1.1829999685287476,200,768.5999755859375,7.900000095367432,656,91,14.414784394250514,3.894566929133859
26,Michigan,1010,1.1990000009536743,1.1829999685287476,78,926.5,9.5,275,113,15.06091718001369,3.894566929133859
26,Michigan,1010,2.220999956130981,1.1829999685287476,80,844.5999755859375,9.5,423,83,15.512662559890487,3.894566929133859
26,Michigan,1010,1.371000051498413,1.1829999685287476,80,844.5999755859375,9.5,423,83,15.989048596851472,3.894566929133859
26,Michigan,1010,1.2769999504089355,1.1829999685287476,82,891.2999877929688,8.100000381469727,333,113,17.234770704996578,3.894566929133859
26,Michigan,1010,1.440999984741211,1.1829999685287476,130,797.2999877929688,7.900000095367432,517,95,18.442162902121833,3.894566929133859
26,Michigan,1010,1.465999960899353,1.1829999685287476,184,928.5,8.0,689,88,19.014373716632445,3.894566929133859
23,Maine,1012,0.7089999914169312,0.7089999914169312,1690,1125.199951171875,7.199999809265137,734,95,4.213552361396304,7.325708661417323
23,Maine,1012,0.7279999852180481,0.7089999914169312,1160,1318.4000244140625,8.699999809265137,451,103,6.034223134839151,7.325708661417323
23,Maine,1012,0.6940000057220459,0.7089999914169312,1210,960.0999755859376,7.5,455,114,7.1594798083504445,7.325708661417323
23,Maine,1012,0.8320000171661377,0.7089999914169312,1280,1171.5999755859375,7.900000095367432,673,89,9.062286105407255,7.325708661417323
23,Maine,1012,0.8040000200271606,0.7089999914169312,1320,1119.0,7.800000190734863,542,109,10.047912388774812,7.325708661417323
23,Maine,1012,0.8109999895095825,0.7089999914169312,1437,1062.9000244140625,7.099999904632568,524,114,12.062970568104038,7.325708661417323
23,Maine,1012,0.781000018119812,0.7089999914169312,1530,1415.5999755859375,8.800000190734863,312,103,12.895277207392198,7.325708661417323
23,Maine,1012,0.7870000004768372,0.7089999914169312,1854,1231.0999755859375,8.800000190734863,408,111,14.17659137577002,7.325708661417323
23,Maine,1012,0.8109999895095825,0.7089999914169312,1843,890.4000244140625,8.100000381469727,496,117,15.761806981519507,7.325708661417323
23,Maine,1012,0.8309999704360962,0.7089999914169312,1799,1215.800048828125,8.100000381469727,359,132,16.555783709787818,7.325708661417323
40,Oklahoma,1015,1.508999943733215,1.508999943733215,297,1374.5999755859375,17.600000381469727,55,44,12.432580424366872,2.4793307086614176
40,Oklahoma,1015,1.562000036239624,1.508999943733215,297,1250.0,17.100000381469727,21,61,12.780287474332649,2.4793307086614176
40,Oklahoma,1015,1.593999981880188,1.508999943733215,148,1093.0,16.200000762939453,28,63,14.976043805612594,2.4793307086614176
40,Oklahoma,1015,1.5180000066757202,1.508999943733215,198,1059.800048828125,16.799999237060547,31,59,16.996577686516083,2.4793307086614176
28,Mississippi,1016,1.0850000381469729,1.0850000381469729,124,1496.0999755859375,18.100000381469727,7,41,4.03832991101985,6.046929133858268
28,Mississippi,1016,1.0789999961853027,1.0850000381469729,171,1443.9000244140625,16.700000762939453,5,50,5.300479123887748,6.046929133858268
28,Mississippi,1016,1.0889999866485596,1.0850000381469729,171,1443.9000244140625,16.700000762939453,5,50,5.401779603011636,6.046929133858268
28,Mississippi,1016,1.087000012397766,1.0850000381469729,171,1443.9000244140625,16.700000762939453,5,50,5.793292265571527,6.046929133858268
28,Mississippi,1016,1.0540000200271606,1.0850000381469729,171,1443.9000244140625,16.700000762939453,5,50,5.971252566735113,6.046929133858268
28,Mississippi,1016,1.0520000457763672,1.0850000381469729,173,1300.699951171875,16.600000381469727,4,56,6.198494182067077,6.046929133858268
28,Mississippi,1016,1.0889999866485596,1.0850000381469729,168,1584.800048828125,17.0,14,58,7.233401779603011,6.046929133858268
28,Mississippi,1016,1.1080000400543213,1.0850000381469729,169,1487.4000244140625,17.100000381469727,9,55,8.985626283367557,6.046929133858268
28,Mississippi,1016,1.100000023841858,1.0850000381469729,280,1260.5999755859375,16.799999237060547,64,52,9.1854893908282,6.046929133858268
28,Mississippi,1016,1.1239999532699585,1.0850000381469729,280,1260.5999755859375,16.799999237060547,64,52,9.475701574264203,6.046929133858268
28,Mississippi,1016,1.10099995136261,1.0850000381469729,280,1260.5999755859375,16.799999237060547,64,52,9.768651608487337,6.046929133858268
28,Mississippi,1016,1.0700000524520874,1.0850000381469729,280,1260.5999755859375,16.799999237060547,64,52,9.963039014373717,6.046929133858268
40,Oklahoma,1017,1.3350000381469729,1.3350000381469729,1282,1172.0,16.700000762939453,28,65,9.316906228610542,2.5195275590551183
40,Oklahoma,1017,1.4859999418258667,1.3350000381469729,1282,1172.0,16.700000762939453,28,65,9.911019849418206,2.5195275590551183
40,Oklahoma,1017,1.559999942779541,1.3350000381469729,1149,1338.0999755859375,15.600000381469728,36,65,11.958932238193018,2.5195275590551183
1,Alabama,1021,0.962000012397766,0.962000012397766,289,1311.300048828125,18.5,2,24,5.0130047912388775,3.616417322834646
1,Alabama,1021,0.9269999861717224,0.962000012397766,307,1598.300048828125,16.799999237060547,1,36,6.839151266255989,3.616417322834646
1,Alabama,1021,0.9769999980926514,0.962000012397766,346,1477.9000244140625,17.899999618530273,9,36,8.714579055441478,3.616417322834646
1,Alabama,1021,1.006999969482422,0.962000012397766,323,1308.699951171875,17.899999618530273,5,53,10.532511978097194,3.616417322834646
16,Idaho,1021,1.2760000228881836,1.2760000228881836,490,260.79998779296875,6.099999904632568,874,118,3.9370294318959616,3.3368503937007876
16,Idaho,1021,1.246999979019165,1.2760000228881836,446,232.0,7.199999809265137,652,135,4.799452429842574,3.3368503937007876
16,Idaho,1021,1.2280000448226929,1.2760000228881836,446,232.0,7.199999809265137,652,135,5.0102669404517455,3.3368503937007876
16,Idaho,1021,1.2289999723434448,1.2760000228881836,492,319.70001220703125,6.800000190734863,637,132,5.968514715947981,3.3368503937007876
16,Idaho,1021,1.2649999856948853,1.2760000228881836,402,239.3999938964844,7.599999904632568,581,128,7.069130732375085,3.3368503937007876
16,Idaho,1021,1.243000030517578,1.2760000228881836,776,430.7000122070313,5.099999904632568,867,117,8.175222450376454,3.3368503937007876
16,Idaho,1021,1.194000005722046,1.2760000228881836,633,308.6000061035156,7.800000190734863,494,132,8.952772073921972,3.3368503937007876
16,Idaho,1021,1.2000000476837158,1.2760000228881836,760,476.6000061035156,7.300000190734863,365,164,9.793292265571527,3.3368503937007876
16,Idaho,1021,1.2450000047683716,1.2760000228881836,450,429.8999938964844,7.099999904632568,532,150,11.808350444900753,3.3368503937007876
16,Idaho,1021,1.22599995136261,1.2760000228881836,473,499.7999877929688,7.400000095367432,445,152,12.700889801505818,3.3368503937007876
16,Idaho,1021,1.246999979019165,1.2760000228881836,530,352.20001220703125,7.0,446,151,13.716632443531827,3.3368503937007876
16,Idaho,1021,1.2000000476837158,1.2760000228881836,565,227.5,7.099999904632568,797,97,15.84394250513347,3.3368503937007876
16,Idaho,1021,1.1699999570846558,1.2760000228881836,626,229.0,8.199999809265137,341,140,18.036960985626283,3.3368503937007876
35,New Mexico,1022,0.6880000233650208,0.6880000233650208,594,312.29998779296875,9.699999809265137,350,103,4.041067761806982,4.255433070866141
35,New Mexico,1022,0.7300000190734863,0.6880000233650208,612,312.3999938964844,9.300000190734863,258,133,5.136208076659822,4.255433070866141
35,New Mexico,1022,0.7649999856948853,0.6880000233650208,909,216.5,9.899999618530272,111,151,7.170431211498974,4.255433070866141
35,New Mexico,1022,0.7839999794960022,0.6880000233650208,689,209.1999969482422,10.699999809265137,114,120,8.607802874743326,4.255433070866141
35,New Mexico,1022,0.8659999966621399,0.6880000233650208,910,369.2000122070313,9.899999618530272,237,127,10.636550308008214,4.255433070866141
27,Minnesota,1029,1.6480000019073486,1.6480000019073486,170,941.4000244140624,6.800000190734863,810,119,20.473648186173854,3.6949606299212596
27,Minnesota,1029,1.7690000534057615,1.6480000019073486,188,1082.4000244140625,6.099999904632568,1106,92,21.596167008898014,3.6949606299212596
27,Minnesota,1029,1.8639999628067017,1.6480000019073486,207,641.2000122070312,5.800000190734863,753,105,22.5927446954141,3.6949606299212596
27,Minnesota,1029,1.9179999828338623,1.6480000019073486,184,823.0,4.800000190734863,1128,95,23.890485968514717,3.6949606299212596
37,North Carolina,1030,1.0119999647140503,1.0119999647140503,195,1546.0999755859375,16.200000762939453,35,51,5.026694045174538,2.8411811023622047
37,North Carolina,1030,1.097000002861023,1.0119999647140503,203,1115.300048828125,17.399999618530273,3,24,5.163586584531143,2.8411811023622047
37,North Carolina,1030,1.118000030517578,1.0119999647140503,203,1115.300048828125,17.399999618530273,3,24,6.020533880903491,2.8411811023622047
37,North Carolina,1030,1.1119999885559082,1.0119999647140503,211,1397.699951171875,17.0,3,40,6.264202600958248,2.8411811023622047
37,North Carolina,1030,1.003000020980835,1.0119999647140503,209,1226.9000244140625,16.100000381469727,0,41,7.5044490075290895,2.8411811023622047
37,North Carolina,1030,1.0679999589920044,1.0119999647140503,219,1107.9000244140625,16.399999618530273,9,49,8.386036960985626,2.8411811023622047
37,North Carolina,1030,1.1050000190734863,1.0119999647140503,198,1228.9000244140625,16.600000381469727,34,40,10.042436687200547,2.8411811023622047
37,North Carolina,1030,1.1610000133514404,1.0119999647140503,229,991.5999755859376,16.399999618530273,20,54,11.0362765229295,2.8411811023622047
37,North Carolina,1030,1.2070000171661377,1.0119999647140503,267,990.2999877929688,15.699999809265137,15,43,12.83230663928816,2.8411811023622047
37,North Carolina,1030,1.156000018119812,1.0119999647140503,278,1296.699951171875,16.899999618530273,2,32,13.648186173853524,2.8411811023622047
37,North Carolina,1030,1.1649999618530271,1.0119999647140503,289,1450.699951171875,16.600000381469727,7,42,15.033538672142368,2.8411811023622047
48,Texas,1049,1.0729999542236328,1.0729999542236328,901,1302.800048828125,19.399999618530277,17,26,5.883641341546886,5.365433070866143
48,Texas,1049,1.2630000114440918,1.0729999542236328,1052,1313.0,18.100000381469727,0,29,7.644079397672827,5.365433070866143
48,Texas,1049,1.3289999961853027,1.0729999542236328,1322,1191.4000244140625,18.299999237060547,1,38,8.988364134154688,5.365433070866143
48,Texas,1049,1.444000005722046,1.0729999542236328,1338,1174.5,19.100000381469727,0,36,10.72142368240931,5.365433070866143
12,Florida,1060,0.6370000243186951,0.6370000243186951,253,1335.9000244140625,25.299999237060547,0,0,10.76249144421629,3.3000000000000003
12,Florida,1060,0.6690000295639038,0.6370000243186951,130,1496.800048828125,24.600000381469727,0,0,12.71731690622861,3.3000000000000003
12,Florida,1060,0.625,0.6370000243186951,126,2027.4000244140625,25.299999237060547,0,0,14.64476386036961,3.3000000000000003
12,Florida,1060,0.7160000205039978,0.6370000243186951,81,1616.4000244140625,25.399999618530277,0,0,18.360027378507873,3.3000000000000003
12,Florida,1060,0.7289999723434448,0.6370000243186951,83,1463.300048828125,24.600000381469727,0,0,20.947296372347708,3.3000000000000003
48,Texas,1060,1.2519999742507937,1.2519999742507937,592,940.2999877929688,22.299999237060547,1,7,4.090349075975359,5.441889763779528
48,Texas,1060,1.2829999923706057,1.2519999742507937,673,1306.5999755859375,21.899999618530277,0,3,5.1416837782340865,5.441889763779528
48,Texas,1060,1.347000002861023,1.2519999742507937,684,1224.800048828125,21.5,0,5,7.394934976043806,5.441889763779528
48,Texas,1060,1.3650000095367432,1.2519999742507937,684,1224.800048828125,21.5,0,5,7.79192334017796,5.441889763779528
48,Texas,1060,1.36899995803833,1.2519999742507937,744,1063.300048828125,22.200000762939453,0,4,8.14236824093087,5.441889763779528
48,Texas,1060,1.3630000352859497,1.2519999742507937,744,1063.300048828125,22.200000762939453,0,4,8.369609856262834,5.441889763779528
48,Texas,1060,1.409000039100647,1.2519999742507937,744,1063.300048828125,22.200000762939453,0,4,8.65160848733744,5.441889763779528
48,Texas,1060,1.4170000553131104,1.2519999742507937,761,886.5999755859375,22.100000381469727,0,2,8.8870636550308,5.441889763779528
48,Texas,1060,1.440000057220459,1.2519999742507937,761,886.5999755859375,22.100000381469727,0,2,9.136208076659821,5.441889763779528
48,Texas,1060,1.3960000276565552,1.2519999742507937,761,886.5999755859375,22.100000381469727,0,2,9.322381930184806,5.441889763779528
48,Texas,1060,1.5750000476837158,1.2519999742507937,1066,1466.5,21.299999237060547,0,10,10.85284052019165,5.441889763779528
48,Texas,1060,1.7450000047683716,1.2519999742507937,1066,1466.5,21.299999237060547,0,10,11.107460643394935,5.441889763779528
48,Texas,1060,1.7330000400543213,1.2519999742507937,1066,1466.5,21.299999237060547,0,10,11.468856947296372,5.441889763779528
48,Texas,1060,1.7020000219345093,1.2519999742507937,1066,1466.5,21.299999237060547,0,10,11.586584531143053,5.441889763779528
35,New Mexico,1112,0.7879999876022339,0.7879999876022339,11,368.1000061035156,16.399999618530273,20,76,6.379192334017796,3.6245669291338585
35,New Mexico,1112,0.7649999856948853,0.7879999876022339,15,549.7000122070312,15.899999618530272,8,81,6.718685831622176,3.6245669291338585
35,New Mexico,1112,0.7850000262260437,0.7879999876022339,16,456.2999877929688,15.800000190734863,13,72,8.462696783025326,3.6245669291338585
35,New Mexico,1112,0.8399999737739563,0.7879999876022339,459,275.20001220703125,17.299999237060547,8,70,10.099931553730322,3.6245669291338585
35,New Mexico,1112,0.843999981880188,0.7879999876022339,459,275.20001220703125,17.299999237060547,8,70,10.368240930869268,3.6245669291338585
35,New Mexico,1112,0.8569999933242798,0.7879999876022339,37,354.20001220703125,16.600000381469727,15,59,10.609171800136892,3.6245669291338585
35,New Mexico,1112,0.8159999847412109,0.7879999876022339,37,354.20001220703125,16.600000381469727,15,59,10.877481177275838,3.6245669291338585
35,New Mexico,1112,0.8100000023841858,0.7879999876022339,37,354.20001220703125,16.600000381469727,15,59,11.049965776865161,3.6245669291338585
35,New Mexico,1112,0.8159999847412109,0.7879999876022339,490,596.5,16.700000762939453,54,69,12.624229979466119,3.6245669291338585
35,New Mexico,1112,0.8830000162124634,0.7879999876022339,490,596.5,16.700000762939453,54,69,12.840520191649555,3.6245669291338585
35,New Mexico,1112,0.944000005722046,0.7879999876022339,490,596.5,16.700000762939453,54,69,13.232032854209445,3.6245669291338585
35,New Mexico,1112,0.8820000290870667,0.7879999876022339,490,596.5,16.700000762939453,54,69,13.352498288843258,3.6245669291338585
35,New Mexico,1112,0.8140000104904175,0.7879999876022339,239,343.3999938964844,17.700000762939453,12,69,16.00273785078713,3.6245669291338585
35,New Mexico,1112,0.8640000224113464,0.7879999876022339,239,343.3999938964844,17.700000762939453,12,69,16.383299110198493,3.6245669291338585
35,New Mexico,1112,0.8579999804496765,0.7879999876022339,31,311.1000061035156,17.5,10,58,16.681724845995895,3.6245669291338585
35,New Mexico,1112,0.8730000257492065,0.7879999876022339,31,311.1000061035156,17.5,10,58,16.922655715263517,3.6245669291338585
35,New Mexico,1112,0.8799999952316284,0.7879999876022339,31,311.1000061035156,17.5,10,58,17.130732375085557,3.6245669291338585
35,New Mexico,1112,0.8690000176429749,0.7879999876022339,31,311.1000061035156,17.5,10,58,17.333333333333332,3.6245669291338585
35,New Mexico,1112,0.9390000104904176,0.7879999876022339,45,473.6000061035156,16.899999618530273,5,78,17.689253935660506,3.6245669291338585
35,New Mexico,1112,0.9449999928474426,0.7879999876022339,45,473.6000061035156,16.899999618530273,5,78,18.33538672142368,3.6245669291338585
35,New Mexico,1112,1.0329999923706057,0.7879999876022339,49,185.6999969482422,18.0,2,62,18.60369609856263,3.6245669291338585
35,New Mexico,1112,1.0180000066757202,0.7879999876022339,49,185.6999969482422,18.0,2,62,18.732375085557837,3.6245669291338585
6,California,1253,1.7359999418258667,1.7359999418258667,210,810.5,15.800000190734863,0,23,19.433264887063654,3.813543307086615
6,California,1253,1.7389999628067017,1.7359999418258667,210,725.2000122070312,16.100000381469727,11,37,20.10130047912389,3.813543307086615
6,California,1253,1.7020000219345093,1.7359999418258667,104,934.0999755859376,16.200000762939453,0,16,20.854209445585216,3.813543307086615
6,California,1253,1.756999969482422,1.7359999418258667,51,977.0,17.0,0,11,21.776865160848732,3.813543307086615
6,California,1253,1.75600004196167,1.7359999418258667,51,977.0,17.0,0,11,21.78507871321013,3.813543307086615
6,California,1253,1.7790000438690186,1.7359999418258667,151,1484.4000244140625,15.899999618530272,0,19,22.765229295003422,3.813543307086615
6,California,1253,1.8459999561309812,1.7359999418258667,160,894.2000122070312,15.899999618530272,0,11,23.942505133470227,3.813543307086615
6,California,1253,2.187000036239624,1.7359999418258667,201,1794.300048828125,15.399999618530272,1,11,27.84394250513347,3.813543307086615
6,California,1253,2.1459999084472656,1.7359999418258667,212,801.0999755859375,15.800000190734863,0,13,29.3305954825462,3.813543307086615
6,California,1253,2.2160000801086426,1.7359999418258667,238,1298.300048828125,16.799999237060547,0,11,31.260780287474333,3.813543307086615
6,California,1253,2.0179998874664307,1.7359999418258667,266,1359.5999755859375,16.600000381469727,0,6,32.75838466803559,3.813543307086615
6,California,1253,2.072999954223633,1.7359999418258667,298,1735.9000244140625,16.700000762939453,0,1,34.65571526351814,3.813543307086615
53,Washington,1501,0.9039999842643738,0.9039999842643738,41,205.5,9.5,314,86,7.3347022587268995,3.1886614173228347
53,Washington,1501,0.9879999756813048,0.9039999842643738,42,269.1000061035156,10.100000381469728,287,83,8.07939767282683,3.1886614173228347
53,Washington,1501,0.9860000014305116,0.9039999842643738,42,269.1000061035156,10.100000381469728,287,83,8.421629021218344,3.1886614173228347
53,Washington,1501,1.100000023841858,0.9039999842643738,77,243.5,9.800000190734863,187,82,9.084188911704311,3.1886614173228347
53,Washington,1501,1.149999976158142,0.9039999842643738,53,292.1000061035156,10.5,244,61,9.886379192334017,3.1886614173228347
53,Washington,1501,1.284000039100647,0.9039999842643738,55,233.3000030517578,8.600000381469727,424,76,10.844626967830253,3.1886614173228347
53,Washington,1501,1.1239999532699585,0.9039999842643738,54,247.6000061035156,11.0,152,93,12.123203285420944,3.1886614173228347
53,Washington,1501,1.2649999856948853,0.9039999842643738,14,369.7000122070313,9.899999618530272,194,83,12.982888432580424,3.1886614173228347
53,Washington,1501,1.3300000429153442,0.9039999842643738,41,358.70001220703125,8.399999618530273,484,82,14.17659137577002,3.1886614173228347
53,Washington,1501,1.4609999656677246,0.9039999842643738,56,288.3999938964844,8.899999618530273,230,115,15.266255989048597,3.1886614173228347
53,Washington,1501,1.4800000190734863,0.9039999842643738,57,396.8999938964844,10.5,215,90,15.868583162217659,3.1886614173228347
53,Washington,1501,1.5579999685287476,0.9039999842643738,46,228.8999938964844,9.800000190734863,68,117,16.862422997946613,3.1886614173228347
34,New Jersey,1638,0.890999972820282,0.890999972820282,1190,1372.800048828125,12.0,206,82,4.246406570841889,5.750708661417323
34,New Jersey,1638,0.9350000023841858,0.890999972820282,1250,1137.0,13.800000190734863,30,70,5.207392197125257,5.750708661417323
34,New Jersey,1638,0.9259999990463256,0.890999972820282,1430,1059.800048828125,13.899999618530272,50,83,6.015058179329227,5.750708661417323
34,New Jersey,1638,0.8880000114440918,0.890999972820282,1615,921.7000122070312,12.199999809265137,70,82,6.80082135523614,5.750708661417323
34,New Jersey,1638,0.9179999828338624,0.890999972820282,1146,1193.5999755859375,12.899999618530272,111,76,7.775496235455168,5.750708661417323
34,New Jersey,1638,0.9739999771118164,0.890999972820282,1149,1193.0,13.0,181,72,8.772073921971252,5.750708661417323
34,New Jersey,1638,1.0329999923706057,0.890999972820282,1254,982.9000244140624,12.699999809265137,72,74,12.271047227926077,5.750708661417323
34,New Jersey,1638,1.008999943733215,0.890999972820282,1269,880.9000244140625,14.5,31,48,12.944558521560575,5.750708661417323
34,New Jersey,1638,1.0149999856948853,0.890999972820282,1178,1329.800048828125,13.699999809265137,67,70,13.998631074606434,5.750708661417323
34,New Jersey,1638,1.065999984741211,0.890999972820282,1592,841.9000244140625,13.5,51,79,16.262833675564682,5.750708661417323
34,New Jersey,1638,1.0499999523162842,0.890999972820282,1609,1150.199951171875,13.399999618530272,33,82,16.758384668035593,5.750708661417323
34,New Jersey,1638,1.0369999408721924,0.890999972820282,1609,1150.199951171875,13.399999618530272,33,82,16.971937029431896,5.750708661417323
34,New Jersey,1638,1.0219999551773071,0.890999972820282,1914,1448.699951171875,13.100000381469728,140,65,17.70841889117043,5.750708661417323
34,New Jersey,1638,1.0260000228881836,0.890999972820282,1860,1461.199951171875,13.5,154,62,18.54072553045859,5.750708661417323
85,Newfoundland,1801,1.7649999856948853,1.7649999856948853,586,1177.5,5.099999904632568,637,93,5.092402464065708,3.578622047244095
85,Newfoundland,1801,2.0409998893737797,1.7649999856948853,446,1533.800048828125,5.199999809265137,595,99,5.908281998631074,3.578622047244095
85,Newfoundland,1801,2.1419999599456787,1.7649999856948853,468,1459.199951171875,4.300000190734863,580,104,6.978781656399726,3.578622047244095
85,Newfoundland,1801,2.1419999599456787,1.7649999856948853,474,1480.4000244140625,4.0,646,102,8.041067761806982,3.578622047244095
85,Newfoundland,1801,2.4570000171661377,1.7649999856948853,167,1471.0,4.300000190734863,602,93,8.985626283367557,3.578622047244095
85,Newfoundland,1801,2.552999973297119,1.7649999856948853,446,1546.699951171875,5.199999809265137,611,100,9.946611909650924,3.578622047244095
85,Newfoundland,1801,2.6459999084472656,1.7649999856948853,433,1511.800048828125,4.900000095367432,492,88,10.934976043805612,3.578622047244095
85,Newfoundland,1801,2.970999956130981,1.7649999856948853,290,1241.800048828125,4.900000095367432,509,97,12.91170431211499,3.578622047244095
85,Newfoundland,1801,3.068000078201294,1.7649999856948853,395,1128.0,6.199999809265137,322,103,14.275154004106776,3.578622047244095
85,Newfoundland,1801,3.138000011444092,1.7649999856948853,404,1211.4000244140625,7.199999809265137,220,103,14.8911704312115,3.578622047244095
85,Newfoundland,1801,3.25600004196167,1.7649999856948853,424,1300.199951171875,5.800000190734863,403,94,16.99110198494182,3.578622047244095
85,Newfoundland,1801,3.48799991607666,1.7649999856948853,446,1365.800048828125,6.599999904632568,475,81,19.077344284736483,3.578622047244095
85,Newfoundland,1808,0.8510000109672546,0.8510000109672546,195,1403.699951171875,4.400000095367432,876,81,6.09719370294319,3.228346456692914
85,Newfoundland,1808,0.9789999723434448,0.8510000109672546,200,1552.199951171875,4.199999809265137,901,101,6.9048596851471595,3.228346456692914
85,Newfoundland,1808,0.9459999799728394,0.8510000109672546,214,1219.699951171875,3.5,858,95,7.983572895277208,3.228346456692914
85,Newfoundland,1808,0.8769999742507935,0.8510000109672546,121,1182.800048828125,2.700000047683716,1037,91,9.037645448323067,3.228346456692914
85,Newfoundland,1808,0.8769999742507935,0.8510000109672546,70,1589.9000244140625,3.700000047683716,933,92,9.984941820670773,3.228346456692914
85,Newfoundland,1808,0.8989999890327454,0.8510000109672546,93,1509.0,4.0,883,97,10.956878850102669,3.228346456692914
85,Newfoundland,1808,0.8600000143051147,0.8510000109672546,102,1408.800048828125,4.5,749,78,11.93429158110883,3.228346456692914
85,Newfoundland,1808,0.8539999723434448,0.8510000109672546,113,1385.0999755859375,3.900000095367432,782,90,13.911019849418206,3.228346456692914
85,Newfoundland,1808,0.8349999785423279,0.8510000109672546,109,1415.4000244140625,6.300000190734863,402,100,15.887748117727584,3.228346456692914
85,Newfoundland,1808,0.8029999732971191,0.8510000109672546,106,1118.800048828125,5.300000190734863,581,112,17.9958932238193,3.228346456692914
85,Newfoundland,1808,0.7839999794960022,0.8510000109672546,103,1247.0999755859375,5.0,783,72,20.073921971252567,3.228346456692914
85,Newfoundland,1808,0.7990000247955322,0.8510000109672546,100,1134.9000244140625,5.5,571,93,21.79876796714579,3.228346456692914
85,Newfoundland,1808,0.8289999961853027,0.8510000109672546,92,1130.0,6.5,274,84,27.039014373716633,3.228346456692914
85,Newfoundland,1808,0.8389999866485596,0.8510000109672546,88,1526.0,5.5,559,88,30.12457221081451,3.228346456692914
6,California,2004,1.4630000591278076,1.4630000591278076,1962,193.6999969482422,18.100000381469727,0,16,13.32785763175907,4.598858267716536
6,California,2004,1.6690000295639038,1.4630000591278076,1752,385.7999877929688,17.899999618530273,0,4,14.387405886379192,4.598858267716536
6,California,2004,1.8550000190734863,1.4630000591278076,3000,447.0,18.399999618530277,0,7,15.433264887063656,4.598858267716536
35,New Mexico,2006,1.4040000438690186,1.4040000438690186,354,403.1000061035156,8.699999809265137,421,140,8.292950034223136,3.774015748031496
18,Indiana,2009,1.531999945640564,1.531999945640564,450,1212.699951171875,9.899999618530272,466,95,8.752908966461328,5.647165354330709
18,Indiana,2009,1.6820000410079956,1.531999945640564,481,895.5,11.800000190734863,258,86,10.40930869267625,5.647165354330709
18,Indiana,2009,1.753000020980835,1.531999945640564,483,1192.9000244140625,10.399999618530272,179,92,11.75359342915811,5.647165354330709
18,Indiana,2009,1.9160000085830688,1.531999945640564,472,821.2000122070312,10.5,389,84,13.757700205338809,5.647165354330709
18,Indiana,2009,2.256999969482422,1.531999945640564,602,925.7999877929688,10.600000381469728,437,80,14.206707734428473,5.647165354330709
18,Indiana,2009,3.2160000801086426,1.531999945640564,657,1202.800048828125,12.600000381469728,129,81,17.19917864476386,5.647165354330709
56,Wyoming,2018,0.8960000276565552,0.8960000276565552,198,309.1000061035156,7.199999809265137,749,124,5.973990417522245,5.970748031496063
56,Wyoming,2018,0.9120000004768372,0.8960000276565552,182,284.20001220703125,7.599999904632568,594,146,7.063655030800821,5.970748031496063
56,Wyoming,2018,1.006999969482422,0.8960000276565552,183,332.5,7.5,531,154,8.09034907597536,5.970748031496063
56,Wyoming,2018,1.0440000295639038,0.8960000276565552,183,292.3999938964844,8.100000381469727,443,146,9.084188911704311,5.970748031496063
6,California,2647,0.8830000162124634,0.8830000162124634,520,434.0,15.100000381469728,0,68,13.289527720739219,3.7514173228346457
6,California,2647,0.944000005722046,0.8830000162124634,327,544.0,15.899999618530272,0,41,14.663928815879535,3.7514173228346457
6,California,2647,0.9079999923706056,0.8830000162124634,269,599.9000244140625,16.700000762939453,0,34,15.537303216974674,3.7514173228346457
6,California,2647,0.9580000042915344,0.8830000162124634,430,771.2000122070312,16.0,0,25,16.553045859000683,3.7514173228346457
6,California,2647,0.8759999871253967,0.8830000162124634,530,579.7000122070312,15.800000190734863,0,26,17.779603011635867,3.7514173228346457
6,California,2647,0.906000018119812,0.8830000162124634,416,501.8999938964844,17.0,0,8,20.61601642710472,3.7514173228346457
6,California,2647,1.1100000143051147,0.8830000162124634,402,1146.300048828125,15.600000381469728,3,17,22.05886379192334,3.7514173228346457
6,California,2647,1.24399995803833,0.8830000162124634,474,566.2000122070312,15.399999618530272,0,24,23.16769336071184,3.7514173228346457
6,California,2647,1.4859999418258667,0.8830000162124634,557,715.9000244140625,16.600000381469727,0,11,25.256673511293634,3.7514173228346457
6,California,2647,1.6419999599456787,0.8830000162124634,598,576.7000122070312,16.299999237060547,0,26,26.220396988364133,3.7514173228346457
6,California,2647,1.909999966621399,0.8830000162124634,660,543.4000244140625,16.200000762939453,0,17,28.175222450376456,3.7514173228346457
5,Arkansas,3048,1.6200000047683716,1.6200000047683716,77,1527.4000244140625,17.399999618530273,20,22,8.958247775496236,3.9924409448818903
5,Arkansas,3048,1.6610000133514404,1.6200000047683716,81,1853.699951171875,17.0,11,39,10.023271731690622,3.9924409448818903
5,Arkansas,3048,1.684999942779541,1.6200000047683716,87,1305.199951171875,16.100000381469727,10,53,11.772758384668036,3.9924409448818903
5,Arkansas,3048,1.6579999923706057,1.6200000047683716,92,1465.699951171875,16.600000381469727,40,33,12.80766598220397,3.9924409448818903
5,Arkansas,3048,2.003999948501587,1.6200000047683716,54,1167.9000244140625,18.200000762939453,19,25,16.306639288158795,3.9924409448818903
5,Arkansas,3048,2.8570001125335693,1.6200000047683716,193,1652.300048828125,16.899999618530273,32,43,19.189596167008897,3.9924409448818903
5,Arkansas,3048,3.5360000133514404,1.6200000047683716,153,1547.5,16.600000381469727,26,56,21.371663244353183,3.9924409448818903
47,Tennessee,3075,1.843999981880188,1.843999981880188,140,1484.800048828125,14.800000190734863,25,73,18.95687885010267,3.4881102362204732
47,Tennessee,3075,1.8530000448226929,1.843999981880188,153,1480.800048828125,14.699999809265137,54,78,20.043805612594113,3.4881102362204732
47,Tennessee,3075,1.8009999990463257,1.843999981880188,76,1380.300048828125,13.399999618530272,37,86,21.240246406570844,3.4881102362204732
47,Tennessee,3075,2.072999954223633,1.843999981880188,136,1683.5,13.600000381469728,127,78,23.02258726899384,3.4881102362204732
47,Tennessee,3075,1.8600000143051147,1.843999981880188,159,1418.0999755859375,13.199999809265137,166,89,24.914442162902123,3.4881102362204732
47,Tennessee,3075,1.871000051498413,1.843999981880188,154,1223.4000244140625,15.399999618530272,40,75,28.11498973305955,3.4881102362204732
28,Mississippi,3082,1.0520000457763672,1.0520000457763672,252,1505.5,16.700000762939453,12,57,1.2046543463381245,4.492874015748032
28,Mississippi,3082,1.097000002861023,1.0520000457763672,354,1240.800048828125,15.5,12,57,2.4640657084188913,4.492874015748032
28,Mississippi,3082,1.1480000019073486,1.0520000457763672,375,1431.4000244140625,16.0,31,60,4.399726214921286,4.492874015748032
28,Mississippi,3082,1.2890000343322754,1.0520000457763672,386,1497.699951171875,16.0,27,65,5.932922655715264,4.492874015748032
28,Mississippi,3082,1.472000002861023,1.0520000457763672,422,1488.9000244140625,16.899999618530273,8,60,8.8870636550308,4.492874015748032
28,Mississippi,3083,1.4550000429153442,1.4550000429153442,13,1612.0999755859375,17.100000381469727,14,40,12.09034907597536,2.418307086614173
28,Mississippi,3083,1.4600000381469729,1.4550000429153442,23,1335.9000244140625,15.5,14,57,13.295003422313483,2.418307086614173
28,Mississippi,3083,1.3860000371932983,1.4550000429153442,24,1522.5,15.899999618530272,55,56,15.241615331964407,2.418307086614173
28,Mississippi,3083,1.7089999914169312,1.4550000429153442,22,1335.5999755859375,15.899999618530272,51,73,16.772073921971252,2.418307086614173
28,Mississippi,3083,1.5470000505447388,1.4550000429153442,28,1310.5999755859375,17.5,22,46,19.718001368925393,2.418307086614173
28,Mississippi,3083,1.5549999475479126,1.4550000429153442,29,1334.0999755859375,17.0,28,56,20.851471594798085,2.418307086614173
28,Mississippi,3083,1.6519999504089355,1.4550000429153442,31,1812.300048828125,16.0,41,65,23.01163586584531,2.418307086614173
28,Mississippi,3083,1.756999969482422,1.4550000429153442,32,1897.300048828125,16.299999237060547,28,68,24.11498973305955,2.418307086614173
28,Mississippi,3083,1.7949999570846558,1.4550000429153442,35,1659.199951171875,16.399999618530273,45,61,25.949349760438057,2.418307086614173
28,Mississippi,3083,2.000999927520752,1.4550000429153442,43,1452.0999755859375,16.700000762939453,56,54,32.3586584531143,2.418307086614173
48,Texas,3559,0.8799999952316284,0.8799999952316284,126,1139.4000244140625,20.700000762939453,19,6,19.786447638603697,2.2385433070866148
48,Texas,3559,0.8659999966621399,0.8799999952316284,116,1612.4000244140625,19.899999618530277,4,9,20.8186173853525,2.2385433070866148
48,Texas,3559,0.8450000286102295,0.8799999952316284,154,1333.800048828125,19.700000762939453,0,6,22.428473648186174,2.2385433070866148
48,Texas,3559,1.0829999446868896,0.8799999952316284,209,1530.0999755859375,19.899999618530277,1,16,24.421629021218344,2.2385433070866148
48,Texas,3559,0.9120000004768372,0.8799999952316284,216,1361.300048828125,19.100000381469727,7,19,27.02258726899384,2.2385433070866148
48,Texas,3609,2.318000078201294,2.318000078201294,110,612.7000122070312,16.5,60,64,16.39425051334702,2.7703937007874018
12,Florida,3995,1.0190000534057615,1.0190000534057615,699,1430.9000244140625,25.100000381469727,0,0,14.603696098562628,4.831889763779528
12,Florida,3995,1.003000020980835,1.0190000534057615,1022,1626.0,23.600000381469727,0,0,16.550308008213552,4.831889763779528
12,Florida,3995,0.959999978542328,1.0190000534057615,501,1996.0,24.200000762939453,0,0,18.477754962354553,4.831889763779528
12,Florida,3996,1.0829999446868896,1.0829999446868896,203,1165.199951171875,23.5,0,0,16.251882272416154,2.801889763779528
12,Florida,3996,1.100000023841858,1.0829999446868896,146,1300.5999755859375,21.899999618530277,0,2,18.209445585215605,2.801889763779528
12,Florida,3996,1.0839999914169312,1.0829999446868896,132,1350.300048828125,22.299999237060547,0,2,20.416153319644078,2.801889763779528
12,Florida,4097,0.699999988079071,0.699999988079071,1240,1146.800048828125,20.200000762939453,0,15,4.610540725530458,5.278110236220472
12,Florida,4097,0.7129999995231628,0.699999988079071,1146,1721.800048828125,18.600000381469727,0,20,6.611909650924025,5.278110236220472
12,Florida,4097,0.8410000205039978,0.699999988079071,1706,1729.0,20.100000381469727,0,17,12.279260780287474,5.278110236220472
12,Florida,4097,0.7760000228881836,0.699999988079071,1701,1121.5,18.799999237060547,3,38,14.795345653661876,5.278110236220472
12,Florida,4097,0.7720000147819519,0.699999988079071,1713,1903.5,19.5,1,25,16.971937029431896,5.278110236220472
12,Florida,4097,0.796999990940094,0.699999988079071,2329,1792.4000244140625,19.600000381469727,0,25,18.239561943874058,5.278110236220472
12,Florida,4103,0.6489999890327454,0.6489999890327454,259,1383.9000244140625,25.600000381469727,0,0,8.095824777549623,4.643858267716536
12,Florida,4103,0.656000018119812,0.6489999890327454,557,1563.199951171875,24.799999237060547,0,0,10.047912388774812,4.643858267716536
12,Florida,4103,0.6340000033378601,0.6489999890327454,302,2091.0,25.5,0,0,11.97535934291581,4.643858267716536
12,Florida,4105,0.7940000295639038,0.7940000295639038,326,804.7999877929688,21.799999237060547,0,2,5.549623545516769,3.3563779527559063
12,Florida,4107,1.1460000276565552,1.1460000276565552,214,1189.300048828125,23.899999618530277,0,0,6.778918548939083,2.8666141732283466
12,Florida,4107,1.1859999895095823,1.1460000276565552,134,1465.9000244140625,22.700000762939453,0,0,8.728268309377139,2.8666141732283466
12,Florida,4107,1.180999994277954,1.1460000276565552,100,1974.199951171875,23.700000762939453,0,0,10.932238193018481,2.8666141732283466
12,Florida,4108,0.6819999814033508,0.6819999814033508,298,1543.5,20.299999237060547,0,17,4.027378507871321,3.9998031496063
13,Georgia,4111,0.7099999785423279,0.7099999785423279,562,1345.800048828125,17.700000762939453,0,23,9.763175906913073,5.01976377952756
1,Alabama,4125,0.9279999732971193,0.9279999732971193,636,1331.699951171875,19.100000381469727,1,22,18.015058179329227,3.962795275590552
1,Alabama,4125,0.962000012397766,0.9279999732971193,636,1331.699951171875,19.100000381469727,1,22,18.527036276522928,3.962795275590552
1,Alabama,4125,0.930999994277954,0.9279999732971193,674,1624.199951171875,17.399999618530273,0,31,20.15879534565366,3.962795275590552
1,Alabama,4125,1.0989999771118164,0.9279999732971193,709,1491.199951171875,18.399999618530277,5,32,22.2258726899384,3.962795275590552
1,Alabama,4125,1.1089999675750732,0.9279999732971193,737,1273.699951171875,18.299999237060547,3,44,23.548254620123203,3.962795275590552
1,Alabama,4126,0.8190000057220459,0.8190000057220459,2396,1706.300048828125,17.0,7,45,2.6803559206023273,8.341259842519687
1,Alabama,4126,0.8450000286102295,0.8190000057220459,2541,1425.0,14.699999809265137,13,87,3.8603696098562628,8.341259842519687
1,Alabama,4126,0.8489999771118164,0.8190000057220459,2696,1778.5,15.899999618530272,43,56,5.839835728952772,8.341259842519687
1,Alabama,4126,0.9480000138282776,0.8190000057220459,2860,1624.5999755859375,15.100000381469728,83,80,7.772758384668036,8.341259842519687
40,Oklahoma,4165,1.996999979019165,1.996999979019165,350,630.0,15.399999618530272,120,73,6.335386721423682,2.4533464566929135
40,Oklahoma,4165,2.1040000915527344,1.996999979019165,350,714.5999755859375,15.399999618530272,93,84,7.236139630390143,2.4533464566929135
40,Oklahoma,4165,2.000999927520752,1.996999979019165,224,902.2000122070312,13.800000190734863,130,101,9.305954825462011,2.4533464566929135
40,Oklahoma,4165,2.088000059127808,1.996999979019165,224,809.7000122070312,15.300000190734863,96,88,9.880903490759753,2.4533464566929135
40,Oklahoma,4165,2.0339999198913574,1.996999979019165,224,809.7000122070312,15.300000190734863,96,88,10.108145106091717,2.4533464566929135
40,Oklahoma,4165,2.002000093460083,1.996999979019165,224,809.7000122070312,15.300000190734863,96,88,10.379192334017796,2.4533464566929135
40,Oklahoma,4165,1.96399998664856,1.996999979019165,224,928.2999877929688,14.699999809265137,98,85,10.614647501711156,2.4533464566929135
40,Oklahoma,4165,1.9830000400543213,1.996999979019165,224,928.2999877929688,14.699999809265137,98,85,10.86652977412731,2.4533464566929135
40,Oklahoma,4165,1.9809999465942385,1.996999979019165,224,928.2999877929688,14.699999809265137,98,85,11.052703627652292,2.4533464566929135
40,Oklahoma,4165,1.968999981880188,1.996999979019165,224,1081.300048828125,14.699999809265137,97,89,12.618754277891854,2.4533464566929135
40,Oklahoma,4165,1.934999942779541,1.996999979019165,224,1081.300048828125,14.699999809265137,97,89,12.845995893223819,2.4533464566929135
40,Oklahoma,4165,2.140000104904175,1.996999979019165,224,1081.300048828125,14.699999809265137,97,89,13.22655715263518,2.4533464566929135
40,Oklahoma,4165,2.13100004196167,1.996999979019165,224,1081.300048828125,14.699999809265137,97,89,13.349760438056126,2.4533464566929135
40,Oklahoma,4165,2.0969998836517334,1.996999979019165,287,1024.699951171875,15.5,55,83,15.436002737850787,2.4533464566929135
40,Oklahoma,4165,2.157999992370605,1.996999979019165,321,902.2000122070312,14.600000381469728,112,94,17.7056810403833,2.4533464566929135
40,Oklahoma,4165,2.364000082015991,1.996999979019165,327,593.5999755859375,14.800000190734863,134,90,18.62012320328542,2.4533464566929135
40,Oklahoma,4165,2.4049999713897705,1.996999979019165,327,593.5999755859375,14.800000190734863,134,90,18.784394250513348,2.4533464566929135
40,Oklahoma,4165,2.489000082015991,1.996999979019165,327,593.5999755859375,14.800000190734863,134,90,19.028062970568104,2.4533464566929135
40,Oklahoma,4165,2.5360000133514404,1.996999979019165,327,593.5999755859375,14.800000190734863,134,90,19.463381245722108,2.4533464566929135
15,Hawaii,7080,1.5290000438690186,1.5290000438690186,248,436.3999938964844,24.399999618530277,0,0,15.989048596851472,2.5747637795275593
15,Hawaii,7080,1.50600004196167,1.5290000438690186,223,438.2999877929688,24.100000381469727,0,0,17.968514715947983,2.5747637795275593
15,Hawaii,7080,1.4559999704360962,1.5290000438690186,193,398.1000061035156,24.399999618530277,0,0,20.073921971252567,2.5747637795275593
15,Hawaii,7080,1.5169999599456787,1.5290000438690186,375,758.4000244140625,24.399999618530277,0,0,21.95208761122519,2.5747637795275593
15,Hawaii,7080,1.4839999675750732,1.5290000438690186,504,322.20001220703125,23.5,0,0,24.082135523613964,2.5747637795275593
15,Hawaii,7080,1.4220000505447388,1.5290000438690186,572,431.2999877929688,23.799999237060547,0,0,26.529774127310063,2.5747637795275593
6,California,8151,0.6769999861717224,0.6769999861717224,2237,92.1999969482422,22.899999618530277,0,12,16.65160848733744,3.4916535433070868
6,California,8201,1.3250000476837158,1.3250000476837158,133,166.5,19.299999237060547,3,16,18.64476386036961,3.6621653543307087
6,California,8201,1.3070000410079956,1.3250000476837158,125,212.6000061035156,18.700000762939453,0,9,19.709787816564,3.6621653543307087
6,California,8201,1.3760000467300415,1.3250000476837158,142,219.8999938964844,18.899999618530277,0,14,20.777549623545518,3.6621653543307087
6,California,8201,1.4019999504089355,1.3250000476837158,173,221.3000030517578,18.5,0,9,21.796030116358658,3.6621653543307087
6,California,8201,1.3619999885559082,1.3250000476837158,163,271.8999938964844,18.700000762939453,0,1,23.824777549623544,3.6621653543307087
6,California,8201,1.5169999599456787,1.3250000476837158,478,154.10000610351562,18.299999237060547,0,12,25.853524982888434,3.6621653543307087
6,California,8201,1.527999997138977,1.3250000476837158,488,377.2000122070313,17.0,2,14,26.7378507871321,3.6621653543307087
6,California,8201,1.6109999418258667,1.3250000476837158,616,144.0,17.299999237060547,0,26,28.42984257357974,3.6621653543307087
6,California,8201,1.6399999856948853,1.3250000476837158,655,200.8000030517578,18.600000381469727,0,10,30.5160848733744,3.6621653543307087
6,California,8201,1.6019999980926514,1.3250000476837158,714,109.5,18.299999237060547,0,19,31.457905544147845,3.6621653543307087
6,California,8201,1.6649999618530271,1.3250000476837158,690,150.89999389648438,18.200000762939453,0,16,33.46748802190281,3.6621653543307087
12,Florida,9054,0.9390000104904176,0.9390000104904176,252,825.0,21.799999237060547,0,1,15.715263518138261,3.3262204724409457
12,Florida,9054,0.9819999933242798,0.9390000104904176,406,1770.699951171875,21.299999237060547,0,3,16.750171115674195,3.3262204724409457
12,Florida,9054,0.9850000143051147,0.9390000104904176,429,1613.0999755859375,20.299999237060547,0,4,17.793292265571527,3.3262204724409457
12,Florida,9054,1.0720000267028809,0.9390000104904176,411,1538.800048828125,20.799999237060547,0,5,19.93429158110883,3.3262204724409457
