STATE_CODE,SHRP_ID,YEAR,TOTAL_ANN_PRECIP
1,1021,1972,1346.0999755859375
1,1021,1973,1528.0
1,1021,1974,1456.0999755859375
1,1021,1975,1982.4000244140625
1,1021,1976,1322.4000244140625
1,1021,1977,1255.4000244140625
1,1021,1978,1341.699951171875
1,1021,1979,1575.5999755859375
1,1021,1980,1269.4000244140625
1,1021,1981,1175.699951171875
1,1021,1982,1541.300048828125
1,1021,1983,1762.800048828125
1,1021,1984,1350.800048828125
1,1021,1985,1259.300048828125
1,1021,1986,1214.0999755859375
1,1021,1987,1248.0
1,1021,1988,1330.300048828125
1,1021,1989,1757.4000244140625
1,1021,1990,1311.300048828125
1,1021,1991,1461.5999755859375
1,1021,1992,1598.300048828125
1,1021,1993,1248.4000244140625
1,1021,1994,1477.9000244140625
1,1021,1995,1308.699951171875
1,1021,1996,1556.9000244140625
1,1021,1997,1437.300048828125
1,1021,1998,1261.5
1,1021,1999,1266.5
1,1021,2000,1000.5999755859375
1,1021,2001,1354.300048828125
1,1021,2002,1245.9000244140625
1,1021,2003,1491.199951171875
1,1021,2004,1319.5999755859375
1,1021,2005,1468.5
1,1021,2006,1166.5999755859375
1,1021,2007,952.7000122070312
1,1021,2008,1400.0
1,1021,2009,1967.5999755859375
1,1021,2010,1116.9000244140625
1,1021,2011,1149.5
1,1021,2012,1238.300048828125
1,4125,1972,1271.699951171875
1,4125,1973,1508.699951171875
1,4125,1974,1342.9000244140625
1,4125,1975,1939.9000244140625
1,4125,1976,1250.199951171875
1,4125,1977,1190.699951171875
1,4125,1978,1321.300048828125
1,4125,1979,1470.300048828125
1,4125,1980,1214.0999755859375
1,4125,1981,1213.699951171875
1,4125,1982,1594.300048828125
1,4125,1983,1811.0
1,4125,1984,1332.199951171875
1,4125,1985,1263.9000244140625
1,4125,1986,1284.9000244140625
1,4125,1987,1298.199951171875
1,4125,1988,1495.0999755859375
1,4125,1989,1826.300048828125
1,4125,1990,1331.699951171875
1,4125,1991,1551.0
1,4125,1992,1624.199951171875
1,4125,1993,1296.0999755859375
1,4125,1994,1491.199951171875
1,4125,1995,1273.699951171875
1,4125,1996,1584.300048828125
1,4125,1997,1361.4000244140625
1,4125,1998,1222.0
1,4125,1999,1217.800048828125
1,4125,2000,1010.0
1,4125,2001,1291.800048828125
1,4125,2002,1148.800048828125
1,4125,2003,1432.199951171875
1,4125,2004,1290.699951171875
1,4125,2005,1361.5
1,4125,2006,1152.9000244140625
1,4125,2007,957.9000244140625
1,4125,2008,1366.300048828125
1,4125,2009,1801.300048828125
1,4125,2010,1070.699951171875
1,4125,2011,1183.800048828125
1,4125,2012,1263.0
1,4126,1948,894.0
1,4126,1949,1482.300048828125
1,4126,1950,1458.4000244140625
1,4126,1951,1470.300048828125
1,4126,1952,1216.699951171875
1,4126,1953,1332.5999755859375
1,4126,1954,1116.800048828125
1,4126,1955,1211.800048828125
1,4126,1956,1248.4000244140625
1,4126,1957,1798.199951171875
1,4126,1958,1214.0
1,4126,1959,1464.0
1,4126,1960,1195.199951171875
1,4126,1961,1974.0
1,4126,1962,1379.0999755859375
1,4126,1963,1183.199951171875
1,4126,1964,1801.5
1,4126,1965,1193.199951171875
1,4126,1966,1429.0999755859375
1,4126,1967,1300.699951171875
1,4126,1968,1508.4000244140625
1,4126,1969,1378.800048828125
1,4126,1970,1233.9000244140625
1,4126,1971,1637.5
1,4126,1972,1377.9000244140625
1,4126,1973,1639.699951171875
1,4126,1974,1531.9000244140625
1,4126,1975,1779.300048828125
1,4126,1976,1446.199951171875
1,4126,1977,1628.800048828125
1,4126,1978,1124.9000244140625
1,4126,1979,1696.9000244140625
1,4126,1980,1757.0
1,4126,1981,1239.0999755859375
1,4126,1982,1582.0
1,4126,1983,1657.800048828125
1,4126,1984,1382.0999755859375
1,4126,1985,1509.300048828125
1,4126,1986,1095.5
1,4126,1987,1380.9000244140625
1,4126,1988,1327.9000244140625
1,4126,1989,1740.699951171875
1,4126,1990,1706.300048828125
1,4126,1991,1655.9000244140625
1,4126,1992,1425.0
1,4126,1993,1179.0999755859375
1,4126,1994,1778.5
1,4126,1995,1560.4000244140625
1,4126,1996,1624.5999755859375
1,4126,1997,1834.4000244140625
1,4126,1998,1537.199951171875
1,4126,1999,1311.5999755859375
1,4126,2000,1335.5
1,4126,2001,1715.4000244140625
1,4126,2002,1708.9000244140625
1,4126,2003,1587.5
1,4126,2004,1726.9000244140625
1,4126,2005,1387.300048828125
1,4126,2006,1465.0999755859375
1,4126,2007,762.2000122070312
1,4126,2008,1510.0
1,4126,2009,1978.0999755859375
1,4126,2010,1433.800048828125
1,4126,2011,1760.300048828125
1,4126,2012,1352.300048828125
5,3048,1966,1303.0999755859375
5,3048,1967,1276.0999755859375
5,3048,1968,1304.5
5,3048,1969,976.7999877929688
5,3048,1970,1419.800048828125
5,3048,1971,1175.0
5,3048,1972,1288.800048828125
5,3048,1973,1418.199951171875
5,3048,1974,1641.0
5,3048,1975,1364.5999755859375
5,3048,1976,1077.9000244140625
5,3048,1977,1318.300048828125
5,3048,1978,1442.699951171875
5,3048,1979,1787.4000244140625
5,3048,1980,1244.699951171875
5,3048,1981,1067.699951171875
5,3048,1982,1534.5999755859375
5,3048,1983,1386.5999755859375
5,3048,1984,1580.300048828125
5,3048,1985,1001.0999755859375
5,3048,1986,1140.300048828125
5,3048,1987,1540.9000244140625
5,3048,1988,1299.199951171875
5,3048,1989,1708.800048828125
5,3048,1990,1527.4000244140625
5,3048,1991,1853.699951171875
5,3048,1992,1293.4000244140625
5,3048,1993,1305.199951171875
5,3048,1994,1465.699951171875
5,3048,1995,1087.300048828125
5,3048,1996,1389.0
5,3048,1997,1755.9000244140625
5,3048,1998,1167.9000244140625
5,3048,1999,1241.4000244140625
5,3048,2000,994.7999877929688
5,3048,2001,1652.300048828125
5,3048,2002,1350.699951171875
5,3048,2003,1547.5
5,3048,2004,1679.300048828125
5,3048,2005,933.5
5,3048,2006,1172.699951171875
5,3048,2007,1011.7000122070312
5,3048,2008,1424.199951171875
5,3048,2009,1870.800048828125
5,3048,2010,861.0999755859375
5,3048,2011,1411.300048828125
5,3048,2012,860.2999877929688
6,1253,2004,1059.0
6,1253,2005,1735.9000244140625
6,1253,2006,1443.5
6,1253,2007,874.0
6,1253,2008,878.5
6,1253,2009,1051.0
6,1253,2010,1699.699951171875
6,1253,2011,1051.5999755859375
6,1253,2012,1579.0999755859375
6,2004,1976,318.1000061035156
6,2004,1977,313.8999938964844
6,2004,1978,766.2000122070312
6,2004,1979,347.0
6,2004,1980,558.4000244140625
6,2004,1981,233.3000030517578
6,2004,1982,439.8999938964844
6,2004,1983,630.2000122070312
6,2004,1984,206.1999969482422
6,2004,1985,177.6999969482422
6,2004,1986,266.70001220703125
6,2004,1987,265.20001220703125
6,2004,1988,240.8000030517578
6,2004,1989,111.4000015258789
6,2004,1990,193.6999969482422
6,2004,1991,385.79998779296875
6,2004,1992,447.0
6,2004,1993,672.7999877929688
6,2004,1994,261.29998779296875
6,2004,1995,497.5
6,2004,1996,270.20001220703125
6,2004,1997,231.3000030517578
6,2004,1998,549.0
6,2004,1999,110.4000015258789
6,2004,2000,196.8000030517578
6,2004,2001,289.70001220703125
6,2004,2002,108.4000015258789
6,2004,2003,310.79998779296875
6,2004,2004,401.70001220703125
6,2004,2005,537.5
6,2004,2006,272.1000061035156
6,2004,2007,141.8000030517578
6,2004,2008,313.0
6,2004,2009,193.5
6,2004,2010,673.5999755859375
6,2004,2011,311.1000061035156
6,2004,2012,206.60000610351562
6,2004,2017,335.20001220703125
6,2004,2018,230.5
6,2004,2019,536.9000244140625
6,2004,2020,277.8999938964844
6,2004,2021,243.39999389648438
6,2004,2022,134.0
6,2647,1948,279.79998779296875
6,2647,1949,199.10000610351562
6,2647,1950,391.6000061035156
6,2647,1951,309.29998779296875
6,2647,1952,402.8999938964844
6,2647,1953,153.0
6,2647,1954,270.29998779296875
6,2647,1955,378.3999938964844
6,2647,1956,218.39999389648438
6,2647,1957,307.0
6,2647,1958,470.70001220703125
6,2647,1959,252.6999969482422
6,2647,1960,214.6999969482422
6,2647,1961,210.1999969482422
6,2647,1962,265.29998779296875
6,2647,1963,353.70001220703125
6,2647,1964,266.70001220703125
6,2647,1965,308.20001220703125
6,2647,1966,192.89999389648438
6,2647,1967,315.79998779296875
6,2647,1968,338.29998779296875
6,2647,1969,407.20001220703125
6,2647,1970,374.1000061035156
6,2647,1971,235.0
6,2647,1972,411.6000061035156
6,2647,1973,822.5999755859375
6,2647,1974,532.5999755859375
6,2647,1975,594.2000122070312
6,2647,1976,293.5
6,2647,1977,360.6000061035156
6,2647,1978,863.2999877929688
6,2647,1979,813.9000244140625
6,2647,1980,559.2000122070312
6,2647,1981,845.5999755859375
6,2647,1982,1028.5999755859375
6,2647,1983,1314.199951171875
6,2647,1984,466.70001220703125
6,2647,1985,488.79998779296875
6,2647,1986,651.4000244140625
6,2647,1987,465.1000061035156
6,2647,1988,419.70001220703125
6,2647,1989,434.0
6,2647,1990,416.8999938964844
6,2647,1991,544.0
6,2647,1992,599.9000244140625
6,2647,1993,771.2000122070312
6,2647,1994,579.7000122070312
6,2647,1995,1042.5
6,2647,1996,1087.0999755859375
6,2647,1997,501.8999938964844
6,2647,1998,1146.300048828125
6,2647,1999,566.2000122070312
6,2647,2000,822.5999755859375
6,2647,2001,715.9000244140625
6,2647,2002,576.7000122070312
6,2647,2003,537.5
6,2647,2004,543.4000244140625
6,2647,2005,984.2999877929688
6,2647,2006,854.5
6,2647,2007,500.29998779296875
6,2647,2008,507.6000061035156
6,2647,2009,577.5999755859375
6,2647,2010,1041.300048828125
6,2647,2011,726.2999877929688
6,2647,2012,785.5999755859375
6,2647,2017,338.0
6,2647,2018,305.3999938964844
6,2647,2019,364.1000061035156
6,2647,2020,149.1999969482422
6,2647,2021,347.20001220703125
6,2647,2022,241.3000030517578
6,1253,1947,282.0
6,1253,1948,450.5
6,1253,1949,280.1000061035156
6,1253,1950,618.7000122070312
6,1253,1951,412.6000061035156
6,1253,1952,663.0
6,1253,1953,309.70001220703125
6,1253,1954,533.7999877929688
6,1253,1955,588.5
6,1253,1956,389.20001220703125
6,1253,1957,468.29998779296875
6,1253,1958,693.0999755859375
6,1253,1959,301.20001220703125
6,1253,1960,369.3999938964844
6,1253,1961,293.8999938964844
6,1253,1962,505.29998779296875
6,1253,1963,482.0
6,1253,1964,383.3999938964844
6,1253,1965,397.20001220703125
6,1253,1966,348.1000061035156
6,1253,1967,498.79998779296875
6,1253,1968,388.3999938964844
6,1253,1969,662.5
6,1253,1970,1381.699951171875
6,1253,1971,539.5
6,1253,1972,806.7000122070312
6,1253,1973,1789.800048828125
6,1253,1974,1186.4000244140625
6,1253,1975,977.2999877929688
6,1253,1976,383.70001220703125
6,1253,1977,681.0
6,1253,1978,1271.199951171875
6,1253,1979,1288.5999755859375
6,1253,1980,946.2999877929688
6,1253,1981,1427.0999755859375
6,1253,1982,1414.0
6,1253,1983,2023.199951171875
6,1253,1984,865.0999755859375
6,8151,1967,72.0999984741211
6,8151,1968,69.5
6,8151,1969,89.0
6,8151,1970,94.69999694824219
6,8151,1971,108.69999694824219
6,8151,1972,81.5
6,8151,1973,93.80000305175781
6,8151,1974,124.19999694824219
6,8151,1975,38.70000076293945
6,8151,1976,154.89999389648438
6,8151,1977,91.69999694824219
6,8151,1978,171.60000610351562
6,8151,1979,131.39999389648438
6,8151,1980,132.8000030517578
6,8151,1981,82.30000305175781
6,8151,1982,134.5
6,8151,1983,185.39999389648438
6,8151,1984,132.8000030517578
6,8151,1985,72.9000015258789
6,8151,1986,137.60000610351562
6,8151,1987,102.5
6,8151,1988,115.5
6,8151,1989,41.0
6,8151,1990,92.19999694824219
6,8151,1991,121.9000015258789
6,8151,1992,219.1999969482422
6,8151,1993,166.89999389648438
6,8151,1994,110.5
6,8151,1995,84.0999984741211
6,8151,1996,46.400001525878906
6,8151,1997,115.0999984741211
6,8151,1998,164.60000610351562
6,8151,1999,60.400001525878906
6,8151,2000,62.900001525878906
6,8151,2001,102.5
6,8151,2002,24.899999618530273
6,8151,2003,121.5
6,8151,2004,150.89999389648438
6,8151,2005,169.3000030517578
6,8151,2006,30.100000381469727
6,8151,2007,84.9000015258789
6,8151,2008,128.8000030517578
6,8151,2009,44.599998474121094
6,8151,2010,192.0
6,8151,2011,75.19999694824219
6,8151,2012,104.5
6,1253,1985,687.2000122070312
6,1253,1986,1179.5
6,1253,1987,1119.0999755859375
6,1253,1988,838.2999877929688
6,1253,1989,810.5
6,1253,1990,725.2000122070312
6,1253,1991,934.0999755859375
6,1253,1992,977.0
6,1253,1993,1484.4000244140625
6,8201,1971,188.5
6,8201,1972,153.89999389648438
6,8201,1973,281.6000061035156
6,8201,1974,215.3000030517578
6,8201,1975,189.5
6,8201,1976,171.0
6,8201,1977,191.1999969482422
6,8201,1978,350.8999938964844
6,8201,1979,217.10000610351562
6,8201,1980,217.1999969482422
6,8201,1981,235.39999389648438
6,8201,1982,306.8999938964844
6,8201,1983,434.6000061035156
6,8201,1984,142.6999969482422
6,8201,1985,175.6999969482422
6,8201,1986,213.89999389648438
6,8201,1987,279.1000061035156
6,8201,1988,193.6999969482422
6,8201,1989,126.5999984741211
6,8201,1990,166.5
6,8201,1991,212.60000610351562
6,8201,1992,219.89999389648438
6,8201,1993,221.3000030517578
6,8201,1994,186.39999389648438
6,8201,1995,271.8999938964844
6,8201,1996,209.5
6,8201,1997,154.10000610351562
6,8201,1998,377.20001220703125
6,8201,1999,144.0
6,8201,2000,132.1999969482422
6,8201,2001,200.8000030517578
6,8201,2002,109.5
6,8201,2003,155.5
6,8201,2004,150.89999389648438
6,8201,2005,210.0
6,8201,2006,165.8000030517578
6,8201,2007,85.0
6,8201,2008,92.0999984741211
6,8201,2009,145.39999389648438
6,8201,2010,316.29998779296875
6,8201,2011,146.10000610351562
6,8201,2012,140.10000610351562
6,1253,1994,894.2000122070312
6,1253,1995,1901.800048828125
6,1253,1996,1425.5999755859375
6,1253,1997,1104.300048828125
6,1253,1998,1794.300048828125
6,1253,1999,801.0999755859375
6,1253,2000,1190.0999755859375
6,1253,2001,1298.300048828125
6,1253,2002,1325.699951171875
6,1253,2003,1359.5999755859375
12,1060,1975,1393.300048828125
12,1060,1976,1602.0
12,1060,1977,1540.0999755859375
12,1060,1978,1566.699951171875
12,1060,1979,1405.5
12,1060,1980,1479.0999755859375
12,1060,1981,1351.9000244140625
12,1060,1982,1687.5999755859375
12,1060,1983,1554.4000244140625
12,1060,1984,1526.800048828125
12,1060,1985,1455.300048828125
12,1060,1986,1735.5
12,1060,1987,1351.0999755859375
12,1060,1988,1149.9000244140625
12,1060,1989,1037.5999755859375
12,1060,1990,1335.9000244140625
12,1060,1991,1748.0999755859375
12,1060,1992,1496.800048828125
12,1060,1993,1602.5999755859375
12,1060,1994,2027.4000244140625
12,1060,1995,1964.199951171875
12,1060,1996,1520.800048828125
12,1060,1997,1834.0999755859375
12,1060,1998,1616.4000244140625
12,1060,1999,1861.300048828125
12,1060,2000,1463.300048828125
12,1060,2001,1807.199951171875
12,1060,2002,1604.5999755859375
12,1060,2003,1801.4000244140625
12,1060,2004,1460.0999755859375
12,1060,2005,1739.0999755859375
12,1060,2006,1380.9000244140625
12,1060,2007,1580.300048828125
12,1060,2008,1599.5999755859375
12,1060,2009,1466.5
12,1060,2010,1551.300048828125
12,1060,2011,1544.5999755859375
12,1060,2012,2178.5
12,3995,1970,1405.0999755859375
12,3995,1971,1321.0
12,3995,1972,1747.0999755859375
12,3995,1973,1398.800048828125
12,3995,1974,1447.5999755859375
12,3995,1975,1299.199951171875
12,3995,1976,1389.199951171875
12,3995,1977,1600.5
12,3995,1978,1504.0999755859375
12,3995,1979,1511.699951171875
12,3995,1980,1386.800048828125
12,3995,1981,1282.0999755859375
12,3995,1982,1917.199951171875
12,3995,1983,2053.60009765625
12,3995,1984,1642.0999755859375
12,3995,1985,1374.699951171875
12,3995,1986,1664.5
12,3995,1987,1445.300048828125
12,3995,1988,1400.0999755859375
12,3995,1989,946.2999877929688
12,3995,1990,1430.9000244140625
12,3995,1991,1839.199951171875
12,3995,1992,1626.0
12,3995,1993,1649.0999755859375
12,3995,1994,1996.0
12,3995,1995,2046.199951171875
12,3995,1996,1483.199951171875
12,3995,1997,1824.4000244140625
12,3995,1998,1862.300048828125
12,3995,1999,1853.4000244140625
12,3995,2000,1378.9000244140625
12,3995,2001,1674.9000244140625
12,3995,2002,1560.800048828125
12,3995,2003,1561.800048828125
12,3995,2004,1451.4000244140625
12,3995,2005,1714.800048828125
12,3995,2006,1308.0
12,3995,2007,1642.4000244140625
12,3995,2008,1657.699951171875
12,3995,2009,1441.9000244140625
12,3995,2010,1422.0999755859375
12,3995,2011,1243.0
12,3995,2012,2026.0999755859375
12,3995,2017,1602.300048828125
12,3995,2018,1490.5999755859375
12,3995,2019,1755.0999755859375
12,3995,2020,1931.5
12,3995,2021,1392.5999755859375
12,3995,2022,1458.9000244140625
12,3996,1974,1515.300048828125
12,3996,1975,1117.0
12,3996,1976,1453.800048828125
12,3996,1977,1140.9000244140625
12,3996,1978,1389.300048828125
12,3996,1979,1356.199951171875
12,3996,1980,1293.5
12,3996,1981,1238.5999755859375
12,3996,1982,1670.5999755859375
12,3996,1983,1875.300048828125
12,3996,1984,1227.0999755859375
12,3996,1985,1330.800048828125
12,3996,1986,1657.199951171875
12,3996,1987,1424.300048828125
12,3996,1988,1540.0999755859375
12,3996,1989,1308.800048828125
12,3996,1990,1165.199951171875
12,3996,1991,1508.800048828125
12,3996,1992,1300.5999755859375
12,3996,1993,1119.0
12,3996,1994,1350.300048828125
12,3996,1995,1158.0
12,3996,1996,1507.4000244140625
12,3996,1997,1686.9000244140625
12,3996,1998,1282.199951171875
12,3996,1999,1159.4000244140625
12,3996,2000,977.9000244140625
12,3996,2001,1251.800048828125
12,3996,2002,1856.5
12,3996,2003,1721.4000244140625
12,3996,2004,1417.199951171875
12,3996,2005,1573.5
12,3996,2006,1222.800048828125
12,3996,2007,1011.7999877929688
12,3996,2008,1092.0
12,3996,2009,1205.5
12,3996,2010,1335.4000244140625
12,3996,2011,1182.199951171875
12,3996,2012,1495.800048828125
12,4097,1974,1050.199951171875
12,4097,1975,1906.0
12,4097,1976,1405.5999755859375
12,4097,1977,1380.5
12,4097,1978,1603.5999755859375
12,4097,1979,1725.300048828125
12,4097,1980,1390.0
12,4097,1981,1027.199951171875
12,4097,1982,1642.300048828125
12,4097,1983,1713.5999755859375
12,4097,1984,1397.199951171875
12,4097,1985,1434.4000244140625
12,4097,1986,1257.0
12,4097,1987,1430.699951171875
12,4097,1988,1671.0
12,4097,1989,1676.0
12,4097,1990,1146.800048828125
12,4097,1991,1841.199951171875
12,4097,1992,1721.800048828125
12,4097,1993,1276.0
12,4097,1994,1732.5
12,4097,1995,1424.9000244140625
12,4097,1996,1480.300048828125
12,4097,1997,1854.5
12,4097,1998,1729.0
12,4097,1999,1327.0
12,4097,2000,1121.5
12,4097,2001,1488.5999755859375
12,4097,2002,1903.5
12,4097,2003,1707.5
12,4097,2004,1792.4000244140625
12,4097,2005,1735.5999755859375
12,4097,2006,1166.199951171875
12,4097,2007,1263.300048828125
12,4097,2008,1769.699951171875
12,4097,2009,1846.199951171875
12,4097,2010,1332.9000244140625
12,4097,2011,1166.5
12,4097,2012,1597.4000244140625
12,4097,2017,1414.4000244140625
12,4097,2018,1891.0999755859375
12,4097,2019,1286.300048828125
12,4097,2020,1735.5999755859375
12,4097,2021,1715.4000244140625
12,4097,2022,1310.300048828125
12,4099,1974,861.5
12,4099,1975,1104.199951171875
12,4099,1976,1231.0999755859375
12,4099,1977,1368.0
12,4099,1978,1345.699951171875
12,4099,1979,1694.300048828125
12,4099,1980,1143.199951171875
12,4099,1981,1318.800048828125
12,4099,1982,1671.300048828125
12,4099,1983,1894.199951171875
12,4099,1984,1174.300048828125
12,4099,1985,1203.199951171875
12,4099,1986,1441.199951171875
12,4099,1987,1745.5
12,4099,1988,895.9000244140625
12,4099,1989,1267.199951171875
12,4099,1990,1239.9000244140625
12,4099,1991,1711.0999755859375
12,4099,1992,1405.800048828125
12,4099,1993,1387.699951171875
12,4099,1994,1343.800048828125
12,9054,1974,1216.0999755859375
12,4099,1995,2007.300048828125
12,4099,1996,1198.5
12,4099,1997,1641.0
12,4099,1998,1702.699951171875
12,4099,1999,1247.0999755859375
12,4099,2000,1238.5
12,4099,2001,1287.4000244140625
12,4099,2002,1324.9000244140625
12,4099,2003,1786.5
12,4099,2004,1566.300048828125
12,4099,2005,1881.800048828125
12,4099,2006,1424.5999755859375
12,4099,2007,1204.9000244140625
12,4099,2008,1521.5999755859375
12,4099,2009,1020.7000122070312
12,4099,2010,1349.5
12,4099,2011,1127.9000244140625
12,4099,2012,1263.199951171875
12,4103,1975,1393.300048828125
12,4103,1976,1602.0
12,4103,1977,1540.0999755859375
12,4103,1978,1566.699951171875
12,4103,1979,1440.800048828125
12,4103,1980,1487.199951171875
12,4103,1981,1356.5
12,4103,1982,1718.5999755859375
12,4103,1983,1548.5999755859375
12,4103,1984,1555.5999755859375
12,4103,1985,1523.300048828125
12,4103,1986,1826.800048828125
12,4103,1987,1374.699951171875
12,4103,1988,1163.5999755859375
12,9054,1975,1337.199951171875
12,9054,1976,1389.9000244140625
12,9054,1977,1095.0
12,9054,1978,1077.4000244140625
12,9054,1979,1651.300048828125
12,9054,1980,977.7999877929688
12,9054,1981,955.5999755859375
12,9054,1982,1325.199951171875
12,9054,1983,1578.5999755859375
12,9054,1984,1259.0999755859375
12,9054,1985,1431.699951171875
12,9054,1986,1184.5
12,9054,1987,1100.699951171875
12,9054,1988,1419.199951171875
12,9054,1989,1189.4000244140625
12,9054,1990,825.0
12,9054,1991,1770.699951171875
12,4103,1989,1107.5999755859375
12,4103,1990,1383.9000244140625
12,4103,1991,1834.199951171875
12,4103,1992,1563.199951171875
12,4103,1993,1625.199951171875
12,4103,1994,2091.0
12,4103,1995,2012.300048828125
12,4103,1996,1537.5999755859375
12,4103,1997,1846.300048828125
12,4103,1998,1732.199951171875
12,4103,1999,1984.0
12,4103,2000,1504.0999755859375
12,4103,2001,1788.800048828125
12,4103,2002,1640.0999755859375
12,4103,2003,1864.699951171875
12,4103,2004,1571.4000244140625
12,4103,2005,1840.5
12,4103,2006,1383.4000244140625
12,4103,2007,1630.5
12,4103,2008,1601.800048828125
12,4103,2009,1430.699951171875
12,4103,2010,1617.5
12,4103,2011,1598.5
12,4103,2012,2321.5
12,4105,1974,1242.9000244140625
12,4105,1975,1319.0
12,4105,1976,1273.300048828125
12,4105,1977,1017.7999877929688
12,4105,1978,1121.199951171875
12,4105,1979,1657.199951171875
12,4105,1980,968.5
12,4105,1981,942.5
12,4105,1982,1357.800048828125
12,4105,1983,1590.9000244140625
12,4105,1984,1269.5999755859375
12,4105,1985,1432.5
12,4105,1986,1123.0
12,4105,1987,1111.0
12,4105,1988,1417.5999755859375
12,4105,1989,1247.5999755859375
12,4105,1990,804.7999877929688
12,4105,1991,1843.5999755859375
12,4105,1992,1619.5
12,4105,1993,1298.300048828125
12,4105,1994,1615.699951171875
12,4105,1995,1492.0
12,4105,1996,1415.4000244140625
12,4105,1997,1473.199951171875
12,4105,1998,1325.0999755859375
12,4105,1999,994.7999877929688
12,4105,2000,1053.5999755859375
12,4105,2001,1178.5999755859375
12,4105,2002,1388.199951171875
12,4105,2003,1131.5
12,4105,2004,1541.5999755859375
12,4105,2005,1587.199951171875
12,4105,2006,935.2000122070312
12,4105,2007,1191.699951171875
12,4105,2008,1374.5999755859375
12,4105,2009,1505.5999755859375
12,4105,2010,830.2000122070312
12,4105,2011,1347.0
12,4105,2012,1561.699951171875
12,4107,1970,1505.0
12,4107,1971,1200.5
12,4107,1972,1366.300048828125
12,4107,1973,1370.5999755859375
12,4107,1974,1259.0999755859375
12,4107,1975,1082.4000244140625
12,4107,1976,1103.9000244140625
12,4107,1977,1152.5
12,4107,1978,1448.699951171875
12,4107,1979,1327.699951171875
12,4107,1980,1153.4000244140625
12,4107,1981,1024.0
12,4107,1982,1805.4000244140625
12,4107,1983,1646.5999755859375
12,4107,1984,1349.5
12,4107,1985,1384.5
12,4107,1986,1509.0999755859375
12,4107,1987,1182.699951171875
12,4107,1988,994.4000244140625
12,4107,1989,1016.0999755859375
12,4107,1990,1189.300048828125
12,4107,1991,1720.699951171875
12,4107,1992,1465.9000244140625
12,4107,1993,1737.800048828125
12,4107,1994,1974.199951171875
12,4107,1995,1668.699951171875
12,4107,1996,1494.5
12,4107,1997,1600.5
12,4107,1998,1789.300048828125
12,4107,1999,1875.5
12,4107,2000,1180.0
12,4107,2001,1736.9000244140625
12,4107,2002,1592.800048828125
12,4107,2003,1683.300048828125
12,4107,2004,1760.0999755859375
12,4107,2005,1918.5
12,4107,2006,856.2999877929688
12,4107,2007,1184.9000244140625
12,4107,2008,1602.4000244140625
12,4107,2009,1066.9000244140625
12,4107,2010,1011.5
12,4107,2011,1343.199951171875
12,4107,2012,1334.5
12,4107,2017,1497.0
12,4107,2018,1181.199951171875
12,4107,2019,1416.699951171875
12,4107,2020,2040.0999755859375
12,4107,2021,1332.0
12,4107,2022,1517.699951171875
12,4108,1974,1091.699951171875
12,4108,1975,2273.60009765625
12,4108,1976,1497.699951171875
12,4108,1977,1492.5
12,4108,1978,1922.0999755859375
12,4108,1979,2132.800048828125
12,4108,1980,1714.5
12,4108,1981,1260.4000244140625
12,4108,1982,1836.4000244140625
12,4108,1983,2063.699951171875
12,4108,1984,1458.5999755859375
12,4108,1985,1706.300048828125
12,4108,1986,1687.4000244140625
12,4108,1987,1908.800048828125
12,4108,1988,1658.0
12,4108,1989,2094.300048828125
12,4108,1990,1543.5
12,4108,1991,2296.89990234375
12,4108,1992,1943.300048828125
12,4108,1993,1594.800048828125
12,4108,1994,2488.60009765625
12,4108,1995,2109.60009765625
12,4108,1996,2021.699951171875
12,4108,1997,1978.5999755859375
12,4108,1998,2300.800048828125
12,4108,1999,1326.5
12,4108,2000,1504.0
12,4108,2001,1412.0999755859375
12,4108,2002,1808.9000244140625
12,4108,2003,2070.300048828125
12,4108,2004,1742.5999755859375
12,4108,2005,2179.699951171875
12,4108,2006,1099.699951171875
12,4108,2007,1537.199951171875
12,4108,2008,1508.0
12,4108,2009,2028.5999755859375
12,4108,2010,1533.5999755859375
12,4108,2011,1301.300048828125
12,4108,2012,1836.199951171875
12,4108,2017,2047.800048828125
12,4108,2018,1929.0999755859375
12,4108,2019,1572.0
12,4108,2020,1879.9000244140625
12,4108,2021,1993.5
12,4108,2022,1614.0999755859375
12,9054,1992,1613.0999755859375
12,9054,1993,1289.5999755859375
12,9054,1994,1538.800048828125
12,9054,1995,1561.300048828125
12,9054,1996,1418.5999755859375
12,9054,1997,1472.699951171875
12,9054,1998,1335.5
12,9054,1999,980.7999877929688
12,9054,2000,1048.5999755859375
12,9054,2001,1103.800048828125
12,9054,2002,1392.199951171875
12,9054,2003,1133.5999755859375
12,9054,2004,1519.4000244140625
12,9054,2005,1605.300048828125
12,9054,2006,915.5999755859375
12,9054,2007,1138.0999755859375
12,9054,2008,1288.199951171875
12,9054,2009,1466.5999755859375
12,9054,2010,843.7000122070312
12,9054,2011,1114.9000244140625
12,9054,2012,1448.0
13,4111,1966,1484.199951171875
13,4111,1967,1671.0999755859375
13,4111,1968,1411.800048828125
13,4111,1969,1196.0
13,4111,1970,1064.199951171875
13,4111,1971,1276.4000244140625
13,4111,1972,1260.5999755859375
13,4111,1973,1292.199951171875
13,4111,1974,1276.199951171875
13,4111,1975,1573.800048828125
13,4111,1976,1377.199951171875
13,4111,1977,1185.5
13,4111,1978,1004.0999755859375
13,4111,1979,1273.699951171875
13,4111,1980,1242.699951171875
13,4111,1981,879.5
13,4111,1982,1351.800048828125
13,4111,1983,1359.4000244140625
13,4111,1984,1269.199951171875
13,4111,1985,1028.800048828125
13,4111,1986,950.2000122070312
13,4111,1987,929.0999755859375
13,4111,1988,888.0
13,4111,1989,1444.5
13,4111,1990,1345.800048828125
13,4111,1991,1315.5999755859375
13,4111,1992,1448.0999755859375
13,4111,1993,1081.800048828125
13,4111,1994,1592.5999755859375
13,4111,1995,1400.5999755859375
13,4111,1996,1208.5
13,4111,1997,1515.5999755859375
13,4111,1998,1290.5999755859375
13,4111,1999,1075.300048828125
13,4111,2000,947.5
13,4111,2001,1075.800048828125
13,4111,2002,1269.199951171875
13,4111,2003,1415.9000244140625
13,4111,2004,1241.800048828125
13,4111,2005,1466.5
13,4111,2006,1038.0
13,4111,2007,787.5
13,4111,2008,905.5
13,4111,2009,1603.5999755859375
13,4111,2010,1356.699951171875
13,4111,2011,994.0
13,4111,2012,888.7999877929688
13,4111,2017,1378.800048828125
13,4111,2018,1786.5999755859375
13,4111,2019,1290.0
13,4111,2020,1685.0999755859375
13,4111,2021,1289.800048828125
13,4111,2022,1181.300048828125
15,1003,1980,628.0999755859375
15,1003,1981,225.39999389648438
15,1003,1982,929.2999877929688
15,1003,1983,258.8999938964844
15,1003,1984,201.5
15,1003,1985,390.29998779296875
15,1003,1986,425.8999938964844
15,1003,1987,975.0999755859375
15,1003,1988,781.4000244140625
15,1003,1989,1253.4000244140625
15,1003,1990,968.4000244140625
15,1003,1991,676.2000122070312
15,1003,1992,717.5
15,1003,1993,699.2999877929688
15,1003,1994,667.2999877929688
15,1003,1995,466.5
15,1003,1996,1015.9000244140625
15,1003,1997,936.2999877929688
15,1003,1998,480.70001220703125
15,1003,1999,547.4000244140625
15,1003,2000,484.1000061035156
15,1003,2001,517.0
15,1003,2002,764.5999755859375
15,1003,2003,699.7000122070312
15,1003,2004,1267.300048828125
15,1003,2005,757.5999755859375
15,1003,2006,890.0
15,1003,2007,826.7000122070312
15,1003,2008,502.29998779296875
15,1003,2009,468.79998779296875
15,1003,2010,502.70001220703125
15,1003,2011,596.9000244140625
15,1003,2012,461.3999938964844
15,1006,1980,628.2000122070312
15,1006,1981,225.8000030517578
15,1006,1982,928.7000122070312
15,1006,1983,259.0
15,1006,1984,201.10000610351562
15,1006,1985,390.79998779296875
15,1006,1986,428.20001220703125
15,1006,1987,971.7000122070312
15,1006,1988,781.0999755859375
15,1006,1989,1241.699951171875
15,1006,1990,968.4000244140625
15,1006,1991,674.2999877929688
15,1006,1992,716.7000122070312
15,1006,1993,701.7999877929688
15,1006,1994,670.2999877929688
15,1006,1995,470.79998779296875
15,1006,1996,1010.0
15,1006,1997,936.0
15,1006,1998,482.79998779296875
15,1006,1999,548.2999877929688
15,1006,2000,483.8999938964844
15,1006,2001,518.2999877929688
15,1006,2002,757.7000122070312
15,1006,2003,700.4000244140625
15,1006,2004,1264.5999755859375
15,1006,2005,764.5999755859375
15,1006,2006,894.5999755859375
15,1006,2007,829.5
15,1006,2008,503.3999938964844
15,1006,2009,470.5
15,1006,2010,504.6000061035156
15,1006,2011,601.4000244140625
15,1006,2012,464.6000061035156
15,1008,1975,1559.800048828125
15,1008,1976,1542.300048828125
15,1008,1977,942.2999877929688
15,1008,1978,1570.300048828125
15,1008,1979,1964.5
15,1008,1980,1930.0
15,1008,1981,1155.300048828125
15,1008,1982,1184.9000244140625
15,1008,1983,764.9000244140625
15,1008,1984,890.2000122070312
15,1008,1985,902.5999755859375
15,1008,1986,803.5999755859375
15,1008,1987,941.0
15,1008,1988,798.4000244140625
15,1008,1989,1018.4000244140625
15,1008,1990,1253.0
15,1008,1991,786.5
15,1008,1992,913.7999877929688
15,1008,1993,738.0999755859375
15,1008,1994,617.0999755859375
15,1008,1995,722.2999877929688
15,1008,1996,1196.199951171875
15,1008,1997,1132.5
15,1008,1998,483.0
15,1008,1999,584.5
15,1008,2000,630.2999877929688
15,1008,2001,822.0
15,1008,2002,784.5999755859375
15,1008,2003,501.5
15,1008,2004,1777.0
15,1008,2005,1022.5
15,1008,2006,635.2999877929688
15,1008,2007,989.2999877929688
15,1008,2008,680.2000122070312
15,1008,2009,644.7999877929688
15,1008,2010,634.9000244140625
15,1008,2011,860.9000244140625
15,1008,2012,517.5999755859375
15,7080,1975,1559.800048828125
15,7080,1976,1542.300048828125
15,7080,1977,482.6000061035156
15,7080,1978,753.5999755859375
15,7080,1979,1009.9000244140625
15,7080,1980,1017.4000244140625
15,7080,1981,552.7999877929688
15,7080,1982,674.0
15,7080,1983,404.6000061035156
15,7080,1984,438.6000061035156
15,7080,1985,480.20001220703125
15,7080,1986,453.79998779296875
15,7080,1987,509.0
15,7080,1988,393.5
15,7080,1989,692.7999877929688
15,7080,1990,868.0999755859375
15,7080,1991,436.3999938964844
15,7080,1992,548.4000244140625
15,7080,1993,438.29998779296875
15,7080,1994,403.6000061035156
15,7080,1995,398.1000061035156
15,7080,1996,739.9000244140625
15,7080,1997,758.4000244140625
15,7080,1998,308.1000061035156
15,7080,1999,322.20001220703125
15,7080,2000,413.70001220703125
15,7080,2001,431.29998779296875
15,7080,2002,535.9000244140625
15,7080,2003,355.0
15,7080,2004,983.0
15,7080,2005,692.2999877929688
15,7080,2006,435.1000061035156
15,7080,2007,675.0
15,7080,2008,386.70001220703125
15,7080,2009,429.5
15,7080,2010,378.29998779296875
15,7080,2011,409.29998779296875
15,7080,2012,258.6000061035156
16,1021,1969,230.1999969482422
16,1021,1970,313.1000061035156
16,1021,1971,381.20001220703125
16,1021,1972,249.60000610351562
16,1021,1973,320.29998779296875
16,1021,1974,258.79998779296875
16,1021,1975,289.6000061035156
16,1021,1976,228.8000030517578
16,1021,1977,255.89999389648438
16,1021,1978,335.20001220703125
16,1021,1979,265.70001220703125
16,1021,1980,418.20001220703125
16,1021,1981,342.0
16,1021,1982,372.8999938964844
16,1021,1983,448.3999938964844
16,1021,1984,383.1000061035156
16,1021,1985,316.20001220703125
16,1021,1986,358.29998779296875
16,1021,1987,276.3999938964844
16,1021,1988,201.10000610351562
16,1021,1989,260.79998779296875
16,1021,1990,232.0
16,1021,1991,319.70001220703125
16,1021,1992,239.39999389648438
16,1021,1993,430.70001220703125
16,1021,1994,308.6000061035156
16,1021,1995,476.6000061035156
16,1021,1996,360.8999938964844
16,1021,1997,429.8999938964844
16,1021,1998,499.79998779296875
16,1021,1999,352.20001220703125
16,1021,2000,271.0
16,1021,2001,227.5
16,1021,2002,239.10000610351562
16,1021,2003,229.0
16,1021,2004,326.8999938964844
16,1021,2005,409.20001220703125
16,1021,2006,392.70001220703125
16,1021,2007,269.0
16,1021,2008,276.0
16,1021,2009,302.8999938964844
16,1021,2010,341.29998779296875
16,1021,2011,297.5
16,1021,2012,231.60000610351562
17,1003,1979,951.7000122070312
17,1003,1980,663.9000244140625
17,1003,1981,1041.5999755859375
17,1003,1982,1188.0
17,1003,1983,1123.5999755859375
17,1003,1984,1134.0
17,1003,1985,1171.5999755859375
17,1003,1986,1014.0
17,1003,1987,1131.300048828125
17,1003,1988,909.7999877929688
17,1003,1989,874.4000244140625
17,1003,1990,1235.800048828125
17,1003,1991,993.7999877929688
17,1003,1992,808.4000244140625
17,1003,1993,1421.800048828125
17,1003,1994,979.5
17,1003,1995,1149.9000244140625
17,1003,1996,1058.5
17,1003,1997,919.7000122070312
17,1003,1998,1170.5
17,1003,1999,940.5999755859375
17,1003,2000,1200.4000244140625
17,1003,2001,946.7000122070312
17,1003,2002,1058.4000244140625
17,1003,2003,1148.4000244140625
17,1003,2004,1329.300048828125
17,1003,2005,1205.300048828125
17,1003,2006,953.5
17,1003,2007,888.2999877929688
17,1003,2008,1533.800048828125
17,1003,2009,1387.800048828125
17,1003,2010,1002.2999877929688
17,1003,2011,1343.800048828125
17,1003,2012,1083.699951171875
17,1003,1959,978.2000122070312
17,1003,1960,791.0999755859375
17,1003,1961,1166.5
17,1003,1962,1043.9000244140625
17,1003,1963,717.5999755859375
17,1003,1964,851.2000122070312
17,1003,1965,1030.300048828125
17,1003,1966,825.0999755859375
17,1003,1967,1012.4000244140625
17,1003,1968,1131.0999755859375
17,1003,1969,1223.9000244140625
17,1003,1970,867.5999755859375
17,1003,1971,750.7000122070312
17,1003,1972,1115.9000244140625
17,1003,1973,1209.4000244140625
17,1003,1974,968.0999755859375
17,1003,1975,978.0999755859375
17,1003,1976,610.7999877929688
17,1003,1977,1015.9000244140625
17,1003,1978,909.2999877929688
18,2009,2011,1442.5999755859375
18,2009,2012,975.0
18,2009,1948,1095.199951171875
18,2009,1949,969.9000244140625
18,2009,1950,1302.800048828125
18,2009,1951,951.2999877929688
18,2009,1952,1067.4000244140625
18,2009,1953,935.4000244140625
18,2009,1954,779.9000244140625
18,2009,1955,998.2999877929688
18,2009,1956,972.0999755859375
18,2009,1957,1337.300048828125
18,2009,1958,1061.0
18,2009,1959,1037.5
18,2009,1960,846.5
18,2009,1961,1083.0
18,2009,1962,989.2000122070312
18,2009,1963,809.7999877929688
18,2009,1964,1040.5
18,2009,1965,981.0999755859375
18,2009,1966,894.2000122070312
18,2009,1967,913.2000122070312
18,2009,1968,1038.0
18,2009,1969,1117.0
18,2009,1970,889.2000122070312
18,2009,1971,1042.9000244140625
18,2009,1972,1081.5
18,2009,1973,1178.800048828125
18,2009,1974,1135.199951171875
18,2009,1975,1147.4000244140625
18,2009,1976,889.7000122070312
18,2009,1977,1022.4000244140625
18,2009,1978,1149.300048828125
18,2009,1979,1208.4000244140625
18,2009,1980,953.2999877929688
18,2009,1981,1022.0
18,2009,1982,1090.199951171875
18,2009,1983,977.0999755859375
18,2009,1984,1030.0
18,2009,1985,1227.0999755859375
18,2009,1986,1126.5
18,2009,1987,820.9000244140625
18,2009,1988,831.2000122070312
18,2009,1989,1212.699951171875
18,2009,1990,1335.5999755859375
18,2009,1991,895.5
18,2009,1992,1192.9000244140625
18,2009,1993,1301.0
18,2009,1994,821.2000122070312
18,2009,1995,925.7999877929688
18,2009,1996,1210.9000244140625
18,2009,1997,886.0999755859375
18,2009,1998,1202.800048828125
18,2009,1999,807.0999755859375
18,2009,2000,946.0
18,2009,2001,1046.0
18,2009,2002,1064.0
18,2009,2003,1362.5
18,2009,2004,990.7999877929688
18,2009,2005,1122.0999755859375
18,2009,2006,1277.300048828125
18,2009,2007,1026.4000244140625
18,2009,2008,1274.9000244140625
18,2009,2009,1090.199951171875
18,2009,2010,994.4000244140625
23,1012,1951,1439.0999755859375
23,1012,1952,1194.4000244140625
23,1012,1953,1319.0999755859375
23,1012,1954,1429.5
23,1012,1955,882.7999877929688
23,1012,1956,1113.199951171875
23,1012,1957,789.5999755859375
23,1012,1958,1236.9000244140625
23,1012,1959,1120.199951171875
23,1012,1960,1202.0999755859375
23,1012,1961,980.9000244140625
23,1012,1962,1096.699951171875
23,1012,1963,1072.300048828125
23,1012,1964,916.7000122070312
23,1012,1965,726.7999877929688
23,1012,1966,1055.4000244140625
23,1012,1967,1065.5999755859375
23,1012,1968,1021.9000244140625
23,1012,1969,1365.5999755859375
23,1012,1970,1056.699951171875
23,1012,1971,1017.5999755859375
23,1012,1972,1310.800048828125
23,1012,1973,1331.199951171875
23,1012,1974,1137.5
23,1012,1975,1308.199951171875
23,1012,1976,1183.9000244140625
23,1012,1977,1546.0999755859375
23,1012,1978,922.2000122070312
23,1012,1979,1453.800048828125
23,1012,1980,935.7000122070312
23,1012,1981,1138.0
23,1012,1982,1011.2999877929688
23,1012,1983,1709.5999755859375
23,1012,1984,1236.800048828125
23,1012,1985,937.2000122070312
23,1012,1986,1043.199951171875
23,1012,1987,1057.5999755859375
23,1012,1988,1218.4000244140625
23,1012,1989,1125.199951171875
23,1012,1990,1345.0999755859375
23,1012,1991,1318.4000244140625
23,1012,1992,960.0999755859375
23,1012,1993,1125.199951171875
23,1012,1994,1171.5999755859375
23,1012,1995,1119.0
23,1012,1996,1455.9000244140625
23,1012,1997,1062.9000244140625
23,1012,1998,1415.5999755859375
23,1012,1999,1231.0999755859375
23,1012,2000,1189.5
23,1012,2001,890.4000244140625
23,1012,2002,1215.800048828125
23,1012,2003,1147.199951171875
23,1012,2004,1084.5999755859375
23,1012,2005,1852.0999755859375
23,1012,2006,1612.0
23,1012,2007,1224.199951171875
23,1012,2008,1636.0999755859375
23,1012,2009,1528.0
23,1012,2010,1454.5999755859375
23,1012,2011,1356.800048828125
23,1012,2012,1350.9000244140625
26,1010,1959,869.0999755859375
26,1010,1960,556.5
26,1010,1961,802.5
26,1010,1962,646.0999755859375
26,1010,1963,507.3999938964844
26,1010,1964,626.7000122070312
26,1010,1965,718.4000244140625
26,1010,1966,599.2000122070312
26,1010,1967,781.2999877929688
26,1010,1968,796.2000122070312
26,1010,1969,670.7999877929688
26,1010,1970,734.4000244140625
26,1010,1971,621.9000244140625
26,1010,1972,880.2000122070312
26,1010,1973,817.4000244140625
26,1010,1974,776.0
26,1010,1975,977.5
26,1010,1976,799.0
26,1010,1977,730.7000122070312
26,1010,1978,617.5
26,1010,1979,666.0999755859375
26,1010,1980,849.5999755859375
26,1010,1981,892.5
26,1010,1982,732.4000244140625
26,1010,1983,854.9000244140625
26,1010,1984,868.7000122070312
26,1010,1985,983.4000244140625
26,1010,1986,986.0
26,1010,1987,755.0999755859375
26,1010,1988,717.0999755859375
26,1010,1989,768.5999755859375
26,1010,1990,926.5
26,1010,1991,844.5999755859375
26,1010,1992,891.2999877929688
26,1010,1993,797.2999877929688
26,1010,1994,928.5
26,1010,1995,721.0
26,1010,1996,845.0
26,1010,1997,759.9000244140625
26,1010,1998,611.0
26,1010,1999,743.0999755859375
26,1010,2000,886.7999877929688
26,1010,2001,827.0
26,1010,2002,648.7999877929688
26,1010,2003,740.5
26,1010,2004,847.5
26,1010,2005,762.7000122070312
26,1010,2006,1005.7999877929688
26,1010,2007,824.7999877929688
26,1010,2008,964.2000122070312
26,1010,2009,904.5
26,1010,2010,701.5
26,1010,2011,1063.5999755859375
26,1010,2012,758.0
26,1001,1970,819.0
26,1001,1971,674.2999877929688
26,1001,1972,749.5999755859375
26,1001,1973,726.7999877929688
26,1001,1974,793.5999755859375
26,1001,1975,912.9000244140625
26,1001,1976,709.2000122070312
26,1001,1977,680.7000122070312
26,1001,1978,687.4000244140625
26,1001,1979,703.7999877929688
26,1001,1980,736.4000244140625
26,1001,1981,728.4000244140625
26,1001,1982,804.2999877929688
26,1001,1983,855.7000122070312
26,1001,1984,799.0
26,1001,1985,993.5
26,1001,1986,954.7999877929688
26,1001,1987,715.0
26,1001,1988,842.0
26,1001,1989,603.5999755859375
26,1001,1990,937.0999755859375
26,1001,1991,1019.4000244140625
26,1001,1992,820.2999877929688
26,1001,1993,734.2000122070312
26,1001,1994,805.7000122070312
26,1001,1995,776.4000244140625
26,1001,1996,866.0
26,1001,1997,722.4000244140625
26,1001,1998,715.5
26,1001,1999,787.2999877929688
26,1001,2000,764.5
26,1001,2001,886.7999877929688
26,1001,2002,641.9000244140625
26,1001,2003,769.0
26,1001,2004,887.5
26,1001,2005,755.7999877929688
26,1001,2006,1019.2999877929688
26,1001,2007,707.5999755859375
26,1001,2008,987.7999877929688
26,1001,2009,850.4000244140625
26,1001,2010,712.5
26,1001,2011,793.2999877929688
26,1001,2012,914.9000244140625
26,1010,1958,624.0
27,1029,1970,822.4000244140625
27,1029,1971,763.2999877929688
27,1029,1972,834.4000244140625
27,1029,1973,714.7000122070312
27,1029,1974,557.2999877929688
27,1029,1975,1019.7000122070312
27,1029,1976,336.5
27,1029,1977,937.2999877929688
27,1029,1978,824.0999755859375
27,1029,1979,691.2000122070312
27,1029,1980,499.5
27,1029,1981,775.5999755859375
27,1029,1982,692.0
27,1029,1983,858.0
27,1029,1984,850.4000244140625
27,1029,1985,809.2000122070312
27,1029,1986,826.2000122070312
27,1029,1987,512.5
27,1029,1988,569.4000244140625
27,1029,1989,691.9000244140625
27,1029,1990,941.4000244140625
27,1029,1991,1082.4000244140625
27,1029,1992,641.2000122070312
27,1029,1993,823.0
27,1029,1994,832.0
27,1029,1995,941.7999877929688
27,1029,1996,777.4000244140625
27,1029,1997,689.0
27,1029,1998,691.0999755859375
27,1029,1999,784.7999877929688
27,1029,2000,650.9000244140625
27,1029,2001,1054.5999755859375
27,1029,2002,1058.4000244140625
27,1029,2003,755.2999877929688
27,1029,2004,860.2999877929688
27,1029,2005,953.5999755859375
27,1029,2006,677.5999755859375
27,1029,2007,760.7000122070312
27,1029,2008,603.5999755859375
27,1029,2009,525.9000244140625
27,1029,2010,828.2000122070312
27,1029,2011,716.0
27,1029,2012,649.4000244140625
27,1029,2017,869.4000244140625
27,1029,2018,689.5
27,1029,2019,994.0999755859375
27,1029,2020,600.7999877929688
27,1029,2021,556.4000244140625
27,1029,2022,774.0999755859375
28,1016,1971,1586.5
28,1016,1972,1425.0999755859375
28,1016,1973,1632.9000244140625
28,1016,1974,1665.300048828125
28,1016,1975,1745.5999755859375
28,1016,1976,1314.0
28,1016,1977,1402.199951171875
28,1016,1978,1153.699951171875
28,1016,1979,1876.699951171875
28,1016,1980,1645.300048828125
28,1016,1981,1142.5999755859375
28,1016,1982,1998.4000244140625
28,1016,1983,2199.39990234375
28,1016,1984,1260.699951171875
28,1016,1985,1243.300048828125
28,1016,1986,1227.0
28,1016,1987,1142.0
28,1016,1988,1213.699951171875
28,1016,1989,1813.199951171875
28,1016,1990,1496.0999755859375
28,1016,1991,2099.5
28,1016,1992,1443.9000244140625
28,1016,1993,1300.699951171875
28,1016,1994,1584.800048828125
28,1016,1995,1487.4000244140625
28,1016,1996,1260.5999755859375
28,1016,1997,1712.699951171875
28,1016,1998,1411.300048828125
28,1016,1999,1200.9000244140625
28,1016,2000,1460.300048828125
28,1016,2001,2052.800048828125
28,1016,2002,1666.5
28,1016,2003,1518.699951171875
28,1016,2004,1713.5999755859375
28,1016,2005,1622.4000244140625
28,1016,2006,1474.9000244140625
28,1016,2007,993.4000244140625
28,1016,2008,1744.699951171875
28,1016,2009,2086.60009765625
28,1016,2010,1358.0999755859375
28,1016,2011,1473.5999755859375
28,1016,2012,1582.300048828125
28,3082,1971,1520.9000244140625
28,3082,1972,1323.699951171875
28,3082,1973,1634.300048828125
28,3082,1974,1663.9000244140625
28,3082,1975,1697.0999755859375
28,3082,1976,1327.9000244140625
28,3082,1977,1426.800048828125
28,3082,1978,1172.0
28,3082,1979,1731.0999755859375
28,3082,1980,1541.800048828125
28,3082,1981,972.5
28,3082,1982,1726.800048828125
28,3082,1983,2023.800048828125
28,3082,1984,1296.9000244140625
28,3082,1985,1079.9000244140625
28,3082,1986,1155.0999755859375
28,3082,1987,1113.0
28,3082,1988,1147.5999755859375
28,3082,1989,1944.4000244140625
28,3082,1990,1505.5
28,3082,1991,1778.199951171875
28,3082,1992,1240.800048828125
28,3082,1993,1119.9000244140625
28,3082,1994,1431.4000244140625
28,3082,1995,1497.699951171875
28,3082,1996,1271.9000244140625
28,3082,1997,1766.699951171875
28,3082,1998,1488.9000244140625
28,3082,1999,1255.5999755859375
28,3082,2000,1287.4000244140625
28,3082,2001,1869.699951171875
28,3082,2002,1669.300048828125
28,3082,2003,1546.199951171875
28,3082,2004,1720.0999755859375
28,3082,2005,1238.0
28,3082,2006,1494.699951171875
28,3082,2007,1221.699951171875
28,3082,2008,1497.800048828125
28,3082,2009,2018.5
28,3082,2010,1186.5999755859375
28,3082,2011,1620.5
28,3082,2012,1380.699951171875
28,3083,1962,1062.9000244140625
28,3083,1963,1007.0
28,3083,1964,1468.5999755859375
28,3083,1965,1163.300048828125
28,3083,1966,1038.4000244140625
28,3083,1967,1301.4000244140625
28,3083,1968,1525.0999755859375
28,3083,1969,1393.5
28,3083,1970,1367.5
28,3083,1971,1113.4000244140625
28,3083,1972,1574.4000244140625
28,3083,1973,1511.9000244140625
28,3083,1974,1505.0
28,3083,1975,1488.5
28,3083,1976,1072.199951171875
28,3083,1977,1112.300048828125
28,3083,1978,1255.0
28,3083,1979,1828.0
28,3083,1980,1245.0999755859375
28,3083,1981,1048.9000244140625
28,3083,1982,1731.9000244140625
28,3083,1983,1608.0999755859375
28,3083,1984,1420.5
28,3083,1985,1229.5
28,3083,1986,1216.5
28,3083,1987,1193.5999755859375
28,3083,1988,1252.199951171875
28,3083,1989,1728.5999755859375
28,3083,1990,1612.0999755859375
28,3083,1991,2005.0999755859375
28,3083,1992,1335.9000244140625
28,3083,1993,1258.199951171875
28,3083,1994,1522.5
28,3083,1995,1335.5999755859375
28,3083,1996,1468.0999755859375
28,3083,1997,1618.199951171875
28,3083,1998,1310.5999755859375
28,3083,1999,1334.0999755859375
28,3083,2000,1040.699951171875
28,3083,2001,1812.300048828125
28,3083,2002,1897.300048828125
28,3083,2003,1493.800048828125
28,3083,2004,1659.199951171875
28,3083,2005,1075.9000244140625
28,3083,2006,1379.699951171875
28,3083,2007,1073.800048828125
28,3083,2008,1581.5
28,3083,2009,1748.0999755859375
28,3083,2010,1233.300048828125
28,3083,2011,1452.0999755859375
28,3083,2012,1166.199951171875
28,3083,2013,1533.5
28,3083,2014,1383.300048828125
28,3083,2015,1564.800048828125
28,3083,2016,1336.0999755859375
28,3083,2017,1278.5999755859375
28,3083,2018,1908.300048828125
28,3083,2019,1834.300048828125
28,3083,2020,1610.0
28,3083,2021,1643.300048828125
28,3083,2022,1444.0
29,1005,1960,777.9000244140625
29,1005,1961,1108.699951171875
29,1005,1962,608.5
29,1005,1963,711.9000244140625
29,1005,1964,768.0
29,1005,1965,1133.199951171875
29,1005,1966,776.0999755859375
29,1005,1967,909.2999877929688
29,1005,1968,1003.9000244140625
29,1005,1969,1300.4000244140625
29,1005,1970,1082.0999755859375
29,1005,1971,704.2999877929688
29,1005,1972,923.5
29,1005,1973,1101.9000244140625
29,1005,1974,1128.5999755859375
29,1005,1975,1142.199951171875
29,1005,1976,631.2999877929688
29,1005,1977,922.4000244140625
29,1005,1978,1079.699951171875
29,1005,1979,938.0999755859375
29,1005,1980,738.0
29,1005,1981,1225.199951171875
29,1005,1982,1213.0
29,1005,1983,1010.2999877929688
29,1005,1984,1123.300048828125
29,1005,1985,1449.699951171875
29,1005,1986,1201.699951171875
29,1005,1987,936.2999877929688
29,1005,1988,923.4000244140625
29,1005,1989,759.9000244140625
29,1005,1990,1348.699951171875
29,1005,1991,976.0
29,1005,1992,1013.0999755859375
29,1005,1993,1531.4000244140625
29,1005,1994,1365.300048828125
29,1005,1995,1230.5999755859375
29,1005,1996,1199.5
29,1005,1997,869.7000122070312
29,1005,1998,1315.699951171875
29,1005,1999,811.0
29,1005,2000,714.9000244140625
29,1005,2001,1076.199951171875
29,1005,2002,957.2999877929688
29,1005,2003,1150.199951171875
29,1005,2004,1202.800048828125
29,1005,2005,918.2000122070312
29,1005,2006,717.7000122070312
29,1005,2007,937.2000122070312
29,1005,2008,1464.5
29,1005,2009,1220.5999755859375
29,1005,2010,1215.0999755859375
29,1005,2011,1125.699951171875
29,1005,2012,835.0999755859375
29,1005,2017,1128.4000244140625
29,1005,2018,1007.5
29,1005,2019,1201.0999755859375
29,1005,2020,1097.9000244140625
29,1005,2021,1035.4000244140625
29,1005,2022,1009.2000122070312
30,1001,1948,417.20001220703125
30,1001,1949,297.29998779296875
30,1001,1950,421.5
30,1001,1951,549.2000122070312
30,1001,1952,229.8000030517578
30,1001,1953,527.5999755859375
30,1001,1954,398.70001220703125
30,1001,1955,500.1000061035156
30,1001,1956,273.3999938964844
30,1001,1957,411.8999938964844
30,1001,1958,411.0
30,1001,1959,346.8999938964844
30,1001,1960,250.0
30,1001,1961,267.0
30,1001,1962,405.6000061035156
30,1001,1963,304.29998779296875
30,1001,1964,455.5
30,1001,1965,467.3999938964844
30,1001,1966,358.6000061035156
30,1001,1967,475.0
30,1001,1968,416.1000061035156
30,1001,1969,315.6000061035156
30,1001,1970,390.1000061035156
30,1001,1971,292.5
30,1001,1972,333.3999938964844
30,1001,1973,310.0
30,1001,1974,387.79998779296875
30,1001,1975,642.2000122070312
30,1001,1976,384.79998779296875
30,1001,1977,380.29998779296875
30,1001,1978,487.8999938964844
30,1001,1979,252.0
30,1001,1980,459.8999938964844
30,1001,1981,562.7999877929688
30,1001,1982,568.2999877929688
30,1001,1983,474.8999938964844
30,1001,1984,394.3999938964844
30,1001,1985,508.20001220703125
30,1001,1986,478.29998779296875
30,1001,1987,378.5
30,1001,1988,405.3999938964844
30,1001,1989,634.2000122070312
30,1001,1990,360.3999938964844
30,1001,1991,458.70001220703125
30,1001,1992,455.1000061035156
30,1001,1993,772.0
30,1001,1994,332.8999938964844
30,1001,1995,633.7999877929688
30,1001,1996,428.5
30,1001,1997,504.79998779296875
30,1001,1998,457.29998779296875
30,1001,1999,385.1000061035156
30,1001,2000,402.1000061035156
30,1001,2001,364.3999938964844
30,1001,2002,483.5
30,1001,2003,460.6000061035156
30,1001,2004,421.5
30,1001,2005,543.4000244140625
30,1001,2006,539.7999877929688
30,1001,2007,498.0
30,1001,2008,564.4000244140625
30,1001,2009,526.0
30,1001,2010,719.5
30,1001,2011,722.7000122070312
30,1001,2012,514.9000244140625
34,1638,1961,1043.5999755859375
34,1638,1962,1082.9000244140625
34,1638,1963,888.0999755859375
34,1638,1964,760.4000244140625
34,1638,1965,745.7000122070312
34,1638,1966,1017.0
34,1638,1967,1163.5999755859375
34,1638,1968,940.9000244140625
34,1638,1969,1149.199951171875
34,1638,1970,1045.300048828125
34,1638,1971,1308.0
34,1638,1972,1352.300048828125
34,1638,1973,1206.4000244140625
34,1638,1974,1032.800048828125
34,1638,1975,1484.4000244140625
34,1638,1976,920.0
34,1638,1977,1181.199951171875
34,1638,1978,1140.800048828125
34,1638,1979,1389.5999755859375
34,1638,1980,906.5
34,1638,1981,1021.2999877929688
34,1638,1982,1007.0
34,1638,1983,1385.699951171875
34,1638,1984,1166.699951171875
34,1638,1985,1010.0
34,1638,1986,1072.0999755859375
34,1638,1987,1069.300048828125
34,1638,1988,990.5999755859375
34,1638,1989,1372.800048828125
34,1638,1990,1137.0
34,1638,1991,1059.800048828125
34,1638,1992,921.7000122070312
34,1638,1993,1193.5999755859375
34,1638,1994,1193.0
34,1638,1995,951.2000122070312
34,1638,1996,1485.5
34,1638,1997,982.9000244140625
34,1638,1998,880.9000244140625
34,1638,1999,1329.800048828125
34,1638,2000,1200.199951171875
34,1638,2001,841.9000244140625
34,1638,2002,1150.199951171875
34,1638,2003,1448.699951171875
34,1638,2004,1461.199951171875
34,1638,2005,1209.0
34,1638,2006,1427.9000244140625
34,1638,2007,1113.5999755859375
34,1638,2008,1100.199951171875
34,1638,2009,1347.0
34,1638,2010,1156.0999755859375
34,1638,2011,1598.5
34,1638,2012,1012.7000122070312
35,1022,1977,199.3000030517578
35,1022,1978,295.1000061035156
35,1022,1979,242.60000610351562
35,1022,1980,215.8000030517578
35,1022,1981,280.29998779296875
35,1022,1982,349.5
35,1022,1983,317.3999938964844
35,1022,1984,252.39999389648438
35,1022,1985,318.0
35,1022,1986,403.20001220703125
35,1022,1987,234.39999389648438
35,1022,1988,294.20001220703125
35,1022,1989,135.1999969482422
35,1022,1990,312.29998779296875
35,1022,1991,312.3999938964844
35,1022,1992,312.8999938964844
35,1022,1993,216.5
35,1022,1994,317.3999938964844
35,1022,1995,209.1999969482422
35,1022,1996,192.5
35,1022,1997,369.20001220703125
35,1022,1998,289.8999938964844
35,1022,1999,233.60000610351562
35,1022,2000,316.6000061035156
35,1022,2001,315.79998779296875
35,1022,2002,215.10000610351562
35,1022,2003,247.3000030517578
35,1022,2004,252.39999389648438
35,1022,2005,301.20001220703125
35,1022,2006,286.20001220703125
35,1022,2007,299.1000061035156
35,1022,2008,280.1000061035156
35,1022,2009,274.1000061035156
35,1022,2010,386.70001220703125
35,1022,2011,343.29998779296875
35,1022,2012,206.10000610351562
35,1112,1980,382.79998779296875
35,1112,1981,524.4000244140625
35,1112,1982,348.0
35,1112,1983,331.6000061035156
35,1112,1984,588.0
35,1112,1985,487.6000061035156
35,1112,1986,643.5999755859375
35,1112,1987,363.70001220703125
35,1112,1988,446.0
35,1112,1989,260.0
35,1112,1990,368.1000061035156
35,1112,1991,549.7000122070312
35,1112,1992,456.29998779296875
35,1112,1993,294.6000061035156
35,1112,1994,275.20001220703125
35,1112,1995,354.20001220703125
35,1112,1996,322.1000061035156
35,1112,1997,596.5
35,1112,1998,211.1999969482422
35,1112,1999,331.3999938964844
35,1112,2000,343.3999938964844
35,1112,2001,311.1000061035156
35,1112,2002,473.6000061035156
35,1112,2003,185.6999969482422
35,1112,2004,816.2000122070312
35,1112,2005,471.70001220703125
35,1112,2006,365.5
35,1112,2007,416.8999938964844
35,1112,2008,343.20001220703125
35,1112,2009,315.0
35,1112,2010,405.29998779296875
35,1112,2011,102.19999694824219
35,1112,2012,245.60000610351562
35,1112,2017,304.3999938964844
35,1112,2018,247.10000610351562
35,1112,2019,159.89999389648438
35,1112,2020,111.69999694824219
35,1112,2021,257.29998779296875
35,1112,2022,224.1999969482422
35,2006,1977,202.1999969482422
35,2006,1978,265.3999938964844
35,2006,1979,300.8999938964844
35,2006,1980,216.1999969482422
35,2006,1981,296.20001220703125
35,2006,1982,333.5
35,2006,1983,383.29998779296875
35,2006,1984,300.0
35,2006,1985,321.1000061035156
35,2006,1986,369.79998779296875
35,2006,1987,232.89999389648438
35,2006,1988,311.79998779296875
35,2006,1989,156.5
35,2006,1990,403.1000061035156
35,2006,1991,292.5
35,2006,1992,328.1000061035156
35,2006,1993,276.20001220703125
35,2006,1994,383.79998779296875
35,2006,1995,273.20001220703125
35,2006,1996,254.3000030517578
35,2006,1997,410.29998779296875
35,2006,1998,299.79998779296875
35,2006,1999,320.70001220703125
35,2006,2000,275.20001220703125
35,2006,2001,273.20001220703125
35,2006,2002,272.1000061035156
35,2006,2003,316.29998779296875
35,2006,2004,290.70001220703125
35,2006,2005,338.79998779296875
35,2006,2006,372.70001220703125
35,2006,2007,384.5
35,2006,2008,324.79998779296875
35,2006,2009,326.20001220703125
35,2006,2010,397.6000061035156
35,2006,2011,409.6000061035156
35,2006,2012,244.89999389648438
37,1030,1969,1243.300048828125
37,1030,1970,988.2000122070312
37,1030,1971,1284.9000244140625
37,1030,1972,1311.5999755859375
37,1030,1973,1139.0999755859375
37,1030,1974,1183.0
37,1030,1975,1332.5999755859375
37,1030,1976,978.2000122070312
37,1030,1977,1138.800048828125
37,1030,1978,1248.300048828125
37,1030,1979,1539.300048828125
37,1030,1980,955.5
37,1030,1981,1039.800048828125
37,1030,1982,1387.5
37,1030,1983,1253.0999755859375
37,1030,1984,1263.5
37,1030,1985,1162.800048828125
37,1030,1986,896.2000122070312
37,1030,1987,1101.4000244140625
37,1030,1988,1077.199951171875
37,1030,1989,1546.0999755859375
37,1030,1990,1115.300048828125
37,1030,1991,1397.699951171875
37,1030,1992,1226.9000244140625
37,1030,1993,1107.9000244140625
37,1030,1994,1228.9000244140625
37,1030,1995,991.5999755859375
37,1030,1996,1556.0999755859375
37,1030,1997,990.2999877929688
37,1030,1998,1296.699951171875
37,1030,1999,1450.699951171875
37,1030,2000,1290.300048828125
37,1030,2001,784.2999877929688
37,1030,2002,1593.699951171875
37,1030,2003,1735.9000244140625
37,1030,2004,1265.199951171875
37,1030,2005,1260.5
37,1030,2006,1530.300048828125
37,1030,2007,842.9000244140625
37,1030,2008,1151.9000244140625
37,1030,2009,1473.4000244140625
37,1030,2010,1422.5
37,1030,2011,1238.5
37,1030,2012,1303.199951171875
37,1030,2017,1165.800048828125
37,1030,2018,1293.300048828125
37,1030,2019,1228.9000244140625
37,1030,2020,1560.0
37,1030,2021,1298.0
37,1030,2022,1173.5999755859375
40,1015,1989,1002.7999877929688
40,1015,1990,1374.5999755859375
40,1015,1991,1250.0
40,1015,1992,1444.9000244140625
40,1015,1993,1093.0
40,1015,1994,988.5
40,1015,1995,1059.800048828125
40,1015,1996,1179.199951171875
40,1015,1997,1080.4000244140625
40,1015,1998,1050.0999755859375
40,1015,1999,926.5
40,1015,2000,1082.5999755859375
40,1015,2001,1035.300048828125
40,1015,2002,859.7000122070312
40,1015,2003,690.9000244140625
40,1015,2004,1052.0999755859375
40,1015,2005,894.7000122070312
40,1015,2006,782.0
40,1015,2007,1543.4000244140625
40,1015,2008,1125.4000244140625
40,1015,2009,1194.800048828125
40,1015,2010,911.4000244140625
40,1015,2011,639.5
40,1015,2012,749.2000122070312
40,1015,2017,855.2000122070312
40,1015,2018,1164.5999755859375
40,1015,2019,1152.0
40,1015,2020,979.7999877929688
40,1015,2021,803.2000122070312
40,1015,2022,667.4000244140625
40,1017,1970,1261.5
40,1017,1971,1234.9000244140625
40,1017,1972,897.2000122070312
40,1017,1973,1843.800048828125
40,1017,1974,1279.800048828125
40,1017,1975,1147.699951171875
40,1017,1976,1003.9000244140625
40,1017,1977,907.2999877929688
40,1017,1978,932.2999877929688
40,1017,1979,990.4000244140625
40,1017,1980,727.7999877929688
40,1017,1981,1124.9000244140625
40,1017,1982,1196.699951171875
40,1017,1983,873.5
40,1017,1984,1097.4000244140625
40,1017,1985,1306.0999755859375
40,1017,1986,1236.5999755859375
40,1017,1987,1248.0999755859375
40,1017,1988,969.5
40,1017,1989,925.2999877929688
40,1017,1990,1433.9000244140625
40,1017,1991,1172.0
40,1017,1992,1554.5
40,1017,1993,1338.0999755859375
40,1017,1994,1088.5
40,1017,1995,1118.800048828125
40,1017,1996,1123.9000244140625
40,1017,1997,1237.800048828125
40,1017,1998,1110.300048828125
40,1017,1999,1205.0999755859375
40,1017,2000,1220.4000244140625
40,1017,2001,1085.699951171875
40,1017,2002,964.9000244140625
40,1017,2003,1011.7999877929688
40,1017,2004,1250.699951171875
40,1017,2005,707.5
40,1017,2006,976.2999877929688
40,1017,2007,1405.699951171875
40,1017,2008,1460.0
40,1017,2009,1067.9000244140625
40,1017,2010,953.5
40,1017,2011,1070.4000244140625
40,1017,2012,792.5
40,1017,2017,1132.800048828125
40,1017,2018,880.5999755859375
40,1017,2019,1569.9000244140625
40,1017,2020,1204.0999755859375
40,1017,2021,990.4000244140625
40,1017,2022,1373.0
40,4165,1978,680.0999755859375
40,4165,1979,909.7000122070312
40,4165,1980,616.0999755859375
40,4165,1981,824.7000122070312
40,4165,1982,732.0
40,4165,1983,829.4000244140625
40,4165,1984,620.9000244140625
40,4165,1985,825.4000244140625
40,4165,1986,977.5999755859375
40,4165,1987,935.2000122070312
40,4165,1988,703.5
40,4165,1989,853.0
40,4165,1990,630.0
40,4165,1991,714.5999755859375
40,4165,1992,912.7999877929688
40,4165,1993,902.2000122070312
40,4165,1994,809.7000122070312
40,4165,1995,928.2999877929688
40,4165,1996,764.7000122070312
40,4165,1997,1081.300048828125
40,4165,1998,899.7000122070312
40,4165,1999,1024.699951171875
40,4165,2000,806.4000244140625
40,4165,2001,447.70001220703125
40,4165,2002,902.2000122070312
40,4165,2003,593.5999755859375
40,4165,2004,916.0999755859375
40,4165,2005,701.0
40,4165,2006,465.20001220703125
40,4165,2007,1028.5999755859375
40,4165,2008,1025.800048828125
40,4165,2009,757.5999755859375
40,4165,2010,829.0999755859375
40,4165,2011,565.7000122070312
40,4165,2012,533.7000122070312
40,1015,1959,1139.699951171875
40,1015,1960,1024.0999755859375
40,1015,1961,1082.300048828125
40,1015,1962,654.5
40,1015,1963,598.4000244140625
40,1015,1964,1030.300048828125
40,1015,1965,601.4000244140625
40,1015,1966,577.5
40,1015,1967,683.9000244140625
40,1015,1968,909.5
40,1015,1969,728.0
40,1015,1970,885.7000122070312
40,1015,1971,789.2999877929688
40,1015,1972,733.5
40,1015,1973,1380.0
40,1015,1974,1010.2000122070312
40,1015,1975,997.5999755859375
40,1015,1976,658.0999755859375
40,1015,1977,650.0
40,1015,1978,780.9000244140625
40,1015,1979,1010.7999877929688
40,1015,1980,689.5999755859375
40,1015,1981,1023.0
40,1015,1982,1079.800048828125
40,1015,1983,1083.300048828125
40,1015,1984,949.5999755859375
40,1015,1985,1358.5999755859375
40,1015,1986,1218.5999755859375
40,1015,1987,1239.0999755859375
40,1015,1988,808.7999877929688
45,1008,1966,1654.800048828125
45,1008,1967,1617.5
45,1008,1968,1343.5999755859375
45,1008,1969,1567.199951171875
45,1008,1970,1029.4000244140625
45,1008,1971,1620.5
45,1008,1972,1645.5
45,1008,1973,1759.800048828125
45,1008,1974,1532.0
45,1008,1975,1795.9000244140625
45,1008,1976,1889.199951171875
45,1008,1977,1613.5
45,1008,1978,1388.800048828125
45,1008,1979,1959.699951171875
45,1008,1980,1535.5
45,1008,1981,1011.7000122070312
45,1008,1982,1607.5999755859375
45,1008,1983,1601.800048828125
45,1008,1984,1557.5999755859375
45,1008,1985,1521.300048828125
45,1008,1986,1101.199951171875
45,1008,1987,1275.9000244140625
45,1008,1988,1035.5
45,1008,1989,1835.800048828125
45,1008,1990,1645.0999755859375
45,1008,1991,1609.699951171875
45,1008,1992,2012.4000244140625
45,1008,1993,1291.199951171875
45,1008,1994,1852.5
45,1008,1995,1712.800048828125
45,1008,1996,1403.300048828125
45,1008,1997,1611.0
45,1008,1998,1512.0999755859375
45,1008,1999,1213.5
45,1008,2000,1215.0
45,1008,2001,1037.699951171875
45,1008,2002,1612.300048828125
45,1008,2003,1659.0
45,1008,2004,1803.300048828125
45,1008,2005,1672.9000244140625
45,1008,2006,1216.0
45,1008,2007,977.7999877929688
45,1008,2008,1251.699951171875
45,1008,2009,1904.0
45,1008,2010,1371.5999755859375
45,1008,2011,1309.0
45,1008,2012,1259.300048828125
45,1008,2017,1429.199951171875
45,1008,2018,2107.39990234375
45,1008,2019,1532.199951171875
45,1008,2020,1957.0
45,1008,2021,1743.9000244140625
45,1008,2022,1398.4000244140625
47,3075,1970,1332.9000244140625
47,3075,1971,1285.4000244140625
47,3075,1972,1627.800048828125
47,3075,1973,1865.5999755859375
47,3075,1974,1642.5999755859375
47,3075,1975,1666.4000244140625
47,3075,1976,1281.9000244140625
47,3075,1977,1446.300048828125
47,3075,1978,1282.800048828125
47,3075,1979,1783.300048828125
47,3075,1980,1210.800048828125
47,3075,1981,1217.300048828125
47,3075,1982,1551.5999755859375
47,3075,1983,1469.4000244140625
47,3075,1984,1505.5
47,3075,1985,1075.199951171875
47,3075,1986,1407.300048828125
47,3075,1987,1133.4000244140625
47,3075,1988,1176.0999755859375
47,3075,1989,1759.199951171875
47,3075,1990,1484.800048828125
47,3075,1991,1480.800048828125
47,3075,1992,1380.300048828125
47,3075,1993,1280.9000244140625
47,3075,1994,1683.5
47,3075,1995,1379.0999755859375
47,3075,1996,1418.0999755859375
47,3075,1997,1339.4000244140625
47,3075,1998,1658.800048828125
47,3075,1999,1223.4000244140625
47,3075,2000,1302.300048828125
47,3075,2001,1284.5999755859375
47,3075,2002,1558.4000244140625
47,3075,2003,1627.699951171875
47,3075,2004,1486.4000244140625
47,3075,2005,1164.4000244140625
47,3075,2006,1247.199951171875
47,3075,2007,913.7999877929688
47,3075,2008,1115.199951171875
47,3075,2009,1488.0
47,3075,2010,1428.300048828125
47,3075,2011,1732.4000244140625
47,3075,2012,1316.5999755859375
48,1049,1972,1238.5
48,1049,1973,1731.5999755859375
48,1049,1974,1436.300048828125
48,1049,1975,987.0
48,1049,1976,1204.0999755859375
48,1049,1977,830.5999755859375
48,1049,1978,835.5999755859375
48,1049,1979,1451.300048828125
48,1049,1980,876.5
48,1049,1981,1154.699951171875
48,1049,1982,1453.800048828125
48,1049,1983,1129.9000244140625
48,1049,1984,1104.0
48,1049,1985,1370.0999755859375
48,1049,1986,1339.199951171875
48,1049,1987,1016.7000122070312
48,1049,1988,724.0
48,1049,1989,1301.0
48,1049,1990,1302.800048828125
48,1049,1991,1749.9000244140625
48,1049,1992,1313.0
48,1049,1993,1191.4000244140625
48,1049,1994,1573.9000244140625
48,1049,1995,1174.5
48,1049,1996,1056.800048828125
48,1049,1997,1769.9000244140625
48,1049,1998,1223.300048828125
48,1049,1999,908.0
48,1049,2000,1321.199951171875
48,1049,2001,1746.5999755859375
48,1049,2002,1433.5
48,1049,2003,1097.5999755859375
48,1049,2004,1728.699951171875
48,1049,2005,1011.2000122070312
48,1049,2006,1379.5
48,1049,2007,1159.800048828125
48,1049,2008,869.5
48,1049,2009,1240.800048828125
48,1049,2010,587.2000122070312
48,1049,2011,896.5999755859375
48,1049,2012,1506.0
48,1060,1980,841.5
48,1060,1981,1400.800048828125
48,1060,1982,754.5
48,1060,1983,988.5999755859375
48,1060,1984,815.2999877929688
48,1060,1985,944.5
48,1060,1986,1117.0999755859375
48,1060,1987,975.7999877929688
48,1060,1988,484.5
48,1060,1989,696.5999755859375
48,1060,1990,940.2999877929688
48,1060,1991,1306.5999755859375
48,1060,1992,1268.199951171875
48,1060,1993,1224.800048828125
48,1060,1994,1063.300048828125
48,1060,1995,886.5999755859375
48,1060,1996,608.0999755859375
48,1060,1997,1466.5
48,1060,1998,1208.5
48,1060,1999,634.5
48,1060,2000,939.9000244140625
48,1060,2001,1053.199951171875
48,1060,2002,1127.800048828125
48,1060,2003,1052.0999755859375
48,1060,2004,1238.800048828125
48,1060,2005,806.0999755859375
48,1060,2006,812.9000244140625
48,1060,2007,1362.5
48,1060,2008,569.7000122070312
48,1060,2009,778.2000122070312
48,1060,2010,1152.199951171875
48,1060,2011,418.1000061035156
48,1060,2012,769.2000122070312
48,3559,1966,766.2000122070312
48,3559,1967,951.2999877929688
48,3559,1968,1384.699951171875
48,3559,1969,944.5999755859375
48,3559,1970,798.7999877929688
48,3559,1971,919.7000122070312
48,3559,1972,1091.5999755859375
48,3559,1973,1704.699951171875
48,3559,1974,1438.9000244140625
48,3559,1975,1231.5999755859375
48,3559,1976,1325.5999755859375
48,3559,1977,1016.0
48,3559,1978,921.0999755859375
48,3559,1979,1636.800048828125
48,3559,1980,740.9000244140625
48,3559,1981,1179.199951171875
48,3559,1982,1248.199951171875
48,3559,1983,1410.0999755859375
48,3559,1984,1270.800048828125
48,3559,1985,1200.0
48,3559,1986,1350.699951171875
48,3559,1987,1169.800048828125
48,3609,1962,466.5
48,3609,1963,412.1000061035156
48,3609,1964,361.20001220703125
48,3609,1965,360.0
48,3609,1966,468.0
48,3609,1967,525.0
48,3609,1968,494.20001220703125
48,3609,1969,741.9000244140625
48,3609,1970,321.1000061035156
48,3609,1971,514.2000122070312
48,3609,1972,648.0999755859375
48,3609,1973,410.1000061035156
48,3609,1974,664.0
48,3609,1975,576.2999877929688
48,3609,1976,549.4000244140625
48,3609,1977,474.8999938964844
48,3609,1978,524.5999755859375
48,3609,1979,584.2999877929688
48,3609,1980,509.8999938964844
48,3609,1981,590.2000122070312
48,3609,1982,657.0
48,3609,1983,645.4000244140625
48,3609,1984,466.5
48,3609,1985,772.2000122070312
48,3609,1986,805.2999877929688
48,3609,1987,643.5999755859375
48,3609,1988,476.70001220703125
48,3609,1989,483.1000061035156
48,3609,1990,612.7000122070312
48,3609,1991,886.7999877929688
48,3609,1992,711.2999877929688
48,3609,1993,419.8999938964844
48,3609,1994,488.6000061035156
48,3609,1995,685.4000244140625
48,3609,1996,489.5
48,3609,1997,720.5999755859375
48,3609,1998,303.70001220703125
48,3609,1999,525.2999877929688
48,3609,2000,495.29998779296875
48,3609,2001,428.20001220703125
48,3609,2002,621.7999877929688
48,3609,2003,355.20001220703125
48,3609,2004,1067.5
48,3609,2005,496.5
48,3609,2006,619.4000244140625
48,3609,2007,701.7000122070312
48,3609,2008,691.7000122070312
48,3609,2009,444.0
48,3609,2010,840.5999755859375
48,3609,2011,197.5
48,3609,2012,413.70001220703125
48,3609,2017,606.9000244140625
48,3609,2018,602.0
48,3609,2019,529.7999877929688
48,3609,2020,323.20001220703125
48,3609,2021,476.20001220703125
48,3609,2022,365.3999938964844
48,3559,1988,676.4000244140625
48,3559,1989,990.0
48,3559,1990,1139.4000244140625
48,3559,1991,1612.4000244140625
48,3559,1992,1333.800048828125
48,3559,1993,1362.5
48,3559,1994,1530.0999755859375
48,3559,1995,1236.4000244140625
48,3559,1996,908.7000122070312
48,3559,1997,1361.300048828125
48,3559,1998,1400.5
48,3559,1999,957.0
48,3559,2000,1374.5999755859375
48,3559,2001,1533.0
48,3559,2002,1382.4000244140625
48,3559,2003,1146.300048828125
48,3559,2004,1571.9000244140625
48,3559,2005,996.2000122070312
48,3559,2006,1333.800048828125
48,3559,2007,1341.199951171875
48,3559,2008,1111.300048828125
48,3559,2009,1317.800048828125
48,3559,2010,780.0
48,3559,2011,679.0999755859375
48,3559,2012,1135.4000244140625
48,3559,2017,1264.300048828125
48,3559,2018,1669.300048828125
48,3559,2019,1029.9000244140625
48,3559,2020,1092.0999755859375
48,3559,2021,1196.0999755859375
48,3559,2022,838.0
50,1002,1963,751.7000122070312
50,1002,1964,765.7000122070312
50,1002,1965,756.0
50,1002,1966,747.4000244140625
50,1002,1967,866.5999755859375
50,1002,1968,865.0
50,1002,1969,951.4000244140625
50,1002,1970,822.0
50,1002,1971,890.5999755859375
50,1002,1972,1050.9000244140625
50,1002,1973,1244.0
50,1002,1974,940.0999755859375
50,1002,1975,888.5
50,1002,1976,1085.199951171875
50,1002,1977,1155.199951171875
50,1002,1978,875.5999755859375
50,1002,1979,958.5999755859375
50,1002,1980,732.5999755859375
50,1002,1981,1177.4000244140625
50,1002,1982,898.4000244140625
50,1002,1983,1319.199951171875
50,1002,1984,1068.199951171875
50,1002,1985,976.2999877929688
50,1002,1986,1130.0999755859375
50,1002,1987,927.2000122070312
50,1002,1988,884.2000122070312
50,1002,1989,1063.300048828125
50,1002,1990,1285.800048828125
50,1002,1991,867.5999755859375
50,1002,1992,872.7999877929688
50,1002,1993,917.4000244140625
50,1002,1994,952.5999755859375
50,1002,1995,1023.7999877929688
50,1002,1996,1082.5999755859375
50,1002,1997,975.2999877929688
50,1002,1998,1362.4000244140625
50,1002,1999,954.0
50,1002,2000,1172.0999755859375
50,1002,2001,767.0999755859375
50,1002,2002,1015.9000244140625
50,1002,2003,1249.199951171875
50,1002,2004,1003.2000122070312
50,1002,2005,1234.0
50,1002,2006,1308.5
50,1002,2007,1181.800048828125
50,1002,2008,1396.0999755859375
50,1002,2009,1180.800048828125
50,1002,2010,1343.4000244140625
50,1002,2011,1278.699951171875
50,1002,2012,1006.7000122070312
50,1002,2017,930.0
50,1002,2018,934.2999877929688
50,1002,2019,1147.9000244140625
50,1002,2020,798.4000244140625
50,1002,2021,929.0
50,1002,2022,899.0999755859375
53,1501,1984,320.20001220703125
53,1501,1985,158.6999969482422
53,1501,1986,265.1000061035156
53,1501,1987,231.3000030517578
53,1501,1988,171.3000030517578
53,1501,1989,205.5
53,1501,1990,269.1000061035156
53,1501,1991,243.5
53,1501,1992,292.1000061035156
53,1501,1993,233.3000030517578
53,1501,1994,247.60000610351562
53,1501,1995,369.70001220703125
53,1501,1996,358.70001220703125
53,1501,1997,288.3999938964844
53,1501,1998,396.8999938964844
53,1501,1999,228.89999389648438
53,1501,2000,205.1999969482422
53,1501,2001,251.10000610351562
53,1501,2002,211.8000030517578
53,1501,2003,211.89999389648438
53,1501,2004,233.60000610351562
53,1501,2005,296.20001220703125
53,1501,2006,358.8999938964844
53,1501,2007,244.3000030517578
53,1501,2008,190.60000610351562
53,1501,2009,190.1999969482422
53,1501,2010,421.6000061035156
53,1501,2011,263.0
53,1501,2012,394.1000061035156
53,1501,1964,198.3000030517578
53,1501,1965,222.60000610351562
53,1501,1966,219.6999969482422
53,1501,1967,197.5
53,1501,1968,261.0
53,1501,1969,161.0
53,1501,1970,193.1999969482422
53,1501,1971,224.0
53,1501,1972,260.3999938964844
53,1501,1973,219.8000030517578
53,1501,1974,203.3000030517578
53,1501,1975,235.3000030517578
53,1501,1976,114.19999694824219
53,1501,1977,174.1999969482422
53,1501,1978,225.8000030517578
53,1501,1979,166.89999389648438
53,1501,1980,310.70001220703125
53,1501,1981,332.6000061035156
53,1501,1982,298.5
53,1501,1983,519.5
56,2018,1980,229.60000610351562
56,2018,1981,336.70001220703125
56,2018,1982,505.6000061035156
56,2018,1983,390.79998779296875
56,2018,1984,259.6000061035156
56,2018,1985,242.39999389648438
56,2018,1986,331.8999938964844
56,2018,1987,309.8999938964844
56,2018,1988,147.10000610351562
56,2018,1989,309.1000061035156
56,2018,1990,284.20001220703125
56,2018,1991,332.5
56,2018,1992,292.3999938964844
56,2018,1993,450.29998779296875
56,2018,1994,321.0
56,2018,1995,385.3999938964844
56,2018,1996,246.5
56,2018,1997,285.8999938964844
56,2018,1998,311.3999938964844
56,2018,1999,225.39999389648438
56,2018,2000,249.1999969482422
56,2018,2001,187.39999389648438
56,2018,2002,197.0
56,2018,2003,303.79998779296875
56,2018,2004,216.3000030517578
56,2018,2005,272.1000061035156
56,2018,2006,207.8000030517578
56,2018,2007,335.79998779296875
56,2018,2008,312.8999938964844
56,2018,2009,362.8999938964844
56,2018,2010,323.20001220703125
56,2018,2011,352.79998779296875
56,2018,2012,166.89999389648438
56,2018,2017,340.6000061035156
56,2018,2018,316.3999938964844
56,2018,2019,353.8999938964844
56,2018,2020,146.89999389648438
56,2018,2021,342.29998779296875
56,2018,2022,337.70001220703125
85,1808,1986,1050.0999755859375
85,1808,1987,846.0999755859375
85,1808,1988,1216.4000244140625
85,1808,1989,1403.699951171875
85,1808,1990,1552.199951171875
85,1808,1991,1219.699951171875
85,1808,1992,1182.800048828125
85,1808,1993,1589.9000244140625
85,1808,1994,1509.0
85,1808,1995,1408.800048828125
85,1808,1996,1327.9000244140625
85,1808,1997,1385.0999755859375
85,1808,1998,1433.4000244140625
85,1808,1999,1415.4000244140625
85,1808,2000,1549.5
85,1808,2001,1118.800048828125
85,1808,2002,1549.9000244140625
85,1808,2003,1247.0999755859375
85,1808,2004,1349.5999755859375
85,1808,2005,1134.9000244140625
85,1808,2006,1283.5
85,1808,2007,1362.4000244140625
85,1808,2008,1267.4000244140625
85,1808,2009,1350.800048828125
85,1808,2010,1130.0
85,1808,2011,1184.199951171875
85,1808,2012,1180.0999755859375
85,1808,2013,1526.0
85,1808,2014,1215.5
85,1808,2015,1279.0
85,1808,2016,1412.199951171875
85,1808,2017,1259.199951171875
85,1801,1980,1898.199951171875
85,1801,1981,1768.5999755859375
85,1801,1982,1716.5999755859375
85,1801,1983,1670.4000244140625
85,1801,1984,1614.0
85,1801,1985,1290.9000244140625
85,1801,1986,1628.199951171875
85,1801,1987,1408.800048828125
85,1801,1988,1514.5
85,1801,1989,1177.5
85,1801,1990,1533.800048828125
85,1801,1991,1459.199951171875
85,1801,1992,1480.4000244140625
85,1801,1993,1471.0
85,1801,1994,1546.699951171875
85,1801,1995,1511.800048828125
85,1801,1996,1254.800048828125
85,1801,1997,1241.800048828125
85,1801,1998,1128.0
85,1801,1999,1211.4000244140625
85,1801,2000,1373.199951171875
85,1801,2001,1300.199951171875
85,1801,2002,1268.300048828125
85,1801,2003,1365.800048828125
85,1801,2004,1451.9000244140625
85,1801,2005,1668.4000244140625
85,1801,2006,1601.0
85,1801,2007,1385.800048828125
85,1801,2008,1319.199951171875
85,1801,2009,1461.5999755859375
85,1801,2010,1905.5999755859375
85,1801,2011,1446.5
85,1801,2012,436.79998779296875
85,1808,1980,1362.199951171875
85,1808,1981,1257.5
85,1808,1982,1557.0999755859375
85,1808,1983,1550.800048828125
85,1808,1984,1420.199951171875
85,1808,1985,956.2999877929688
