STATE_CODE,SHRP_ID,YEAR,MEAN_ANN_TEMP_AVG,FREEZE_INDEX_YR,FREEZE_THAW_YR
1,1021,1972,17.799999237060547,5,33
1,1021,1973,17.899999618530273,1,44
1,1021,1974,17.700000762939453,0,28
1,1021,1975,17.5,5,35
1,1021,1976,16.0,12,55
1,1021,1977,17.399999618530273,44,55
1,1021,1978,17.100000381469727,13,61
1,1021,1979,16.799999237060547,12,43
1,1021,1980,17.5,7,44
1,1021,1981,17.0,19,48
1,1021,1982,17.899999618530273,22,31
1,1021,1983,16.200000762939453,38,48
1,1021,1984,17.399999618530273,6,45
1,1021,1985,17.600000381469727,23,59
1,1021,1986,18.200000762939453,8,38
1,1021,1987,17.600000381469727,3,38
1,1021,1988,16.799999237060547,5,55
1,1021,1989,17.100000381469727,32,36
1,1021,1990,18.5,2,24
1,1021,1991,17.899999618530273,3,35
1,1021,1992,16.799999237060547,1,36
1,1021,1993,17.399999618530273,5,41
1,1021,1994,17.899999618530273,9,36
1,1021,1995,17.899999618530273,5,53
1,1021,1996,17.0,40,52
1,1021,1997,17.299999237060547,6,35
1,1021,1998,18.799999237060547,0,24
1,1021,1999,18.100000381469727,8,39
1,1021,2000,17.899999618530273,17,54
1,1021,2001,17.5,6,43
1,1021,2002,17.799999237060547,3,49
1,1021,2003,17.5,11,48
1,1021,2004,17.899999618530273,2,42
1,1021,2005,17.700000762939453,0,41
1,1021,2006,18.299999237060547,0,36
1,1021,2007,18.399999618530273,1,41
1,1021,2008,17.799999237060547,5,56
1,1021,2009,17.799999237060547,6,42
1,1021,2010,17.600000381469727,27,70
1,1021,2011,18.0,8,48
1,1021,2012,18.299999237060547,1,29
1,4125,1972,18.299999237060547,4,28
1,4125,1973,18.399999618530273,1,38
1,4125,1974,18.200000762939453,0,25
1,4125,1975,18.200000762939453,3,32
1,4125,1976,16.600000381469727,8,52
1,4125,1977,18.0,36,47
1,4125,1978,17.700000762939453,5,51
1,4125,1979,17.399999618530273,5,39
1,4125,1980,17.899999618530273,3,41
1,4125,1981,17.600000381469727,13,41
1,4125,1982,18.600000381469727,21,26
1,4125,1983,16.899999618530273,32,36
1,4125,1984,18.100000381469727,4,39
1,4125,1985,18.200000762939453,23,54
1,4125,1986,18.700000762939453,6,36
1,4125,1987,18.100000381469727,2,35
1,4125,1988,17.399999618530273,4,53
1,4125,1989,17.700000762939453,29,32
1,4125,1990,19.100000381469727,1,22
1,4125,1991,18.399999618530273,2,37
1,4125,1992,17.399999618530273,0,31
1,4125,1993,17.899999618530273,3,33
1,4125,1994,18.399999618530273,5,32
1,4125,1995,18.299999237060547,3,44
1,4125,1996,17.399999618530273,32,46
1,4125,1997,17.700000762939453,5,31
1,4125,1998,19.200000762939453,0,23
1,4125,1999,18.399999618530273,7,33
1,4125,2000,18.200000762939453,14,48
1,4125,2001,17.799999237060547,5,39
1,4125,2002,18.200000762939453,2,43
1,4125,2003,17.700000762939453,9,47
1,4125,2004,18.5,1,40
1,4125,2005,18.0,0,41
1,4125,2006,18.5,0,37
1,4125,2007,18.700000762939453,2,40
1,4125,2008,18.0,3,50
1,4125,2009,18.0,2,40
1,4125,2010,17.799999237060547,22,69
1,4125,2011,17.600000381469727,9,53
1,4125,2012,17.899999618530273,3,32
1,4126,1948,17.700000762939453,5,22
1,4126,1949,16.799999237060547,9,59
1,4126,1950,16.100000381469727,37,72
1,4126,1951,16.100000381469727,54,63
1,4126,1952,16.200000762939453,9,67
1,4126,1953,16.5,17,63
1,4126,1954,15.699999809265137,13,77
1,4126,1955,15.600000381469727,47,82
1,4126,1956,16.0,8,79
1,4126,1957,15.899999618530273,33,59
1,4126,1958,14.600000381469727,109,78
1,4126,1959,15.699999809265137,54,70
1,4126,1960,14.699999809265137,76,90
1,4126,1961,15.100000381469727,42,62
1,4126,1962,15.600000381469727,91,74
1,4126,1963,14.800000190734863,117,92
1,4126,1964,15.399999618530273,43,83
1,4126,1965,15.800000190734863,53,74
1,4126,1966,14.899999618530273,69,67
1,4126,1967,15.0,24,70
1,4126,1968,14.5,57,96
1,4126,1969,14.699999809265137,25,91
1,4126,1970,15.399999618530273,85,73
1,4126,1971,15.600000381469727,52,59
1,4126,1972,15.699999809265137,34,56
1,4126,1973,16.100000381469727,39,59
1,4126,1974,16.0,3,47
1,4126,1975,15.699999809265137,24,56
1,4126,1976,14.300000190734863,46,81
1,4126,1977,15.699999809265137,123,67
1,4126,1978,15.100000381469727,93,69
1,4126,1979,14.800000190734863,63,69
1,4126,1980,15.199999809265137,59,81
1,4126,1981,15.399999618530273,55,71
1,4126,1982,15.399999618530273,63,70
1,4126,1983,13.800000190734863,65,94
1,4126,1984,15.600000381469727,47,74
1,4126,1985,15.5,92,70
1,4126,1986,16.299999237060547,22,65
1,4126,1987,15.399999618530273,14,78
1,4126,1988,14.699999809265137,63,77
1,4126,1989,15.0,81,64
1,4126,1990,17.0,7,45
1,4126,1991,16.600000381469727,11,61
1,4126,1992,14.699999809265137,13,87
1,4126,1993,14.899999618530273,19,84
1,4126,1994,15.899999618530273,43,56
1,4126,1995,15.399999618530273,46,79
1,4126,1996,15.100000381469727,83,80
1,4126,1997,14.800000190734863,40,76
1,4126,1998,16.200000762939453,13,64
1,4126,1999,16.100000381469727,27,80
1,4126,2000,16.5,53,63
1,4126,2001,16.600000381469727,20,45
1,4126,2002,17.200000762939453,9,63
1,4126,2003,16.100000381469727,35,67
1,4126,2004,16.600000381469727,24,56
1,4126,2005,15.899999618530273,11,69
1,4126,2006,16.100000381469727,13,77
1,4126,2007,16.700000762939453,20,73
1,4126,2008,15.399999618530273,31,90
1,4126,2009,15.199999809265137,31,69
1,4126,2010,15.300000190734863,97,80
1,4126,2011,15.800000190734863,36,60
1,4126,2012,16.399999618530273,7,51
5,3048,1966,15.300000190734863,71,61
5,3048,1967,15.699999809265137,47,68
5,3048,1968,15.100000381469727,71,76
5,3048,1969,15.300000190734863,36,86
5,3048,1970,15.5,102,63
5,3048,1971,16.5,59,57
5,3048,1972,15.699999809265137,58,52
5,3048,1973,16.399999618530273,40,51
5,3048,1974,15.800000190734863,33,48
5,3048,1975,15.600000381469727,33,59
5,3048,1976,15.399999618530273,52,62
5,3048,1977,16.0,137,60
5,3048,1978,15.100000381469727,155,67
5,3048,1979,14.5,157,67
5,3048,1980,16.700000762939453,51,57
5,3048,1981,16.799999237060547,40,51
5,3048,1982,16.700000762939453,86,39
5,3048,1983,16.0,124,33
5,3048,1984,16.600000381469727,42,38
5,3048,1985,16.5,107,55
5,3048,1986,17.700000762939453,27,38
5,3048,1987,17.100000381469727,8,41
5,3048,1988,16.100000381469727,83,45
5,3048,1989,15.699999809265137,126,49
5,3048,1990,17.399999618530273,20,22
5,3048,1991,17.0,11,39
5,3048,1992,16.299999237060547,6,35
5,3048,1993,16.100000381469727,10,53
5,3048,1994,16.600000381469727,40,33
5,3048,1995,16.600000381469727,34,52
5,3048,1996,16.399999618530273,75,48
5,3048,1997,16.200000762939453,40,30
5,3048,1998,18.200000762939453,19,25
5,3048,1999,17.5,12,40
5,3048,2000,17.0,50,57
5,3048,2001,16.899999618530273,32,43
5,3048,2002,16.799999237060547,19,69
5,3048,2003,16.600000381469727,26,56
5,3048,2004,16.899999618530273,36,42
5,3048,2005,17.700000762939453,19,36
5,3048,2006,17.600000381469727,15,40
5,3048,2007,17.5,10,48
5,3048,2008,16.299999237060547,29,53
5,3048,2009,16.399999618530273,12,47
5,3048,2010,17.0,63,58
5,3048,2011,17.100000381469727,59,33
5,3048,2012,18.0,8,27
6,2647,1948,14.300000190734863,0,42
6,2647,1949,14.399999618530273,5,58
6,2647,1950,16.399999618530273,2,20
6,2647,1951,16.0,0,9
6,2647,1952,16.299999237060547,0,10
6,2647,1953,15.899999618530273,0,10
6,2647,1954,15.699999809265137,0,7
6,2647,1955,15.300000190734863,0,18
6,2647,1956,15.699999809265137,0,30
6,2647,1957,16.100000381469727,0,19
6,2647,1958,17.200000762939453,0,3
6,2647,1959,17.200000762939453,0,21
6,2647,1960,16.5,0,22
6,2647,1961,16.100000381469727,2,21
6,2647,1962,15.800000190734863,0,23
6,2647,1963,15.600000381469727,0,23
6,2647,1964,15.699999809265137,0,19
6,2647,1965,15.399999618530273,1,15
6,2647,1966,16.100000381469727,0,26
6,2647,1967,16.0,0,23
6,2647,1968,16.200000762939453,1,12
6,2647,1969,16.399999618530273,0,8
6,2647,1970,16.700000762939453,0,6
6,2647,1971,15.699999809265137,0,17
6,2647,1972,14.699999809265137,21,49
6,2647,1973,15.0,0,17
6,2647,1974,14.899999618530273,0,43
6,2647,1975,14.100000381469727,0,53
6,2647,1976,14.800000190734863,0,69
6,2647,1977,15.399999618530273,0,37
6,2647,1978,15.600000381469727,0,33
6,2647,1979,15.600000381469727,0,34
6,2647,1980,15.199999809265137,0,42
6,2647,1981,16.0,0,19
6,2647,1982,14.300000190734863,0,55
6,2647,1983,15.399999618530273,0,23
6,2647,1984,15.699999809265137,0,31
6,2647,1985,14.899999618530273,0,54
6,2647,1986,16.0,0,19
6,2647,1987,15.800000190734863,0,50
6,2647,1988,16.100000381469727,0,37
6,2647,1989,15.100000381469727,0,68
6,2647,1990,15.300000190734863,12,84
6,2647,1991,15.899999618530273,0,41
6,2647,1992,16.700000762939453,0,34
6,2647,1993,16.0,0,25
6,2647,1994,15.800000190734863,0,26
6,2647,1995,16.899999618530273,0,3
6,2647,1996,17.200000762939453,0,4
6,2647,1997,17.0,0,8
6,2647,1998,15.600000381469727,3,17
6,2647,1999,15.399999618530273,0,24
6,2647,2000,16.0,0,10
6,2647,2001,16.600000381469727,0,11
6,2647,2002,16.299999237060547,0,26
6,2647,2003,16.600000381469727,0,13
6,2647,2004,16.200000762939453,0,17
6,2647,2005,16.299999237060547,0,8
6,2647,2006,16.299999237060547,0,16
6,2647,2007,16.200000762939453,0,35
6,2647,2008,16.399999618530273,0,18
6,2647,2009,16.100000381469727,0,19
6,2647,2010,15.5,0,9
6,2647,2011,15.199999809265137,0,37
6,2647,2012,16.200000762939453,0,22
6,2647,2017,18.600000381469727,0,0
6,2647,2018,17.899999618530273,0,2
6,2647,2019,17.799999237060547,0,2
6,2647,2020,18.200000762939453,0,1
6,2647,2021,17.600000381469727,0,1
6,2647,2022,17.700000762939453,0,5
6,1253,1947,16.100000381469727,0,15
6,1253,1948,15.199999809265137,0,10
6,1253,1949,15.600000381469727,0,29
6,1253,1950,16.600000381469727,0,13
6,1253,1951,15.800000190734863,0,4
6,1253,1952,16.100000381469727,0,7
6,1253,1953,16.299999237060547,0,1
6,1253,1954,15.800000190734863,0,3
6,1253,1955,15.899999618530273,0,8
6,1253,1956,16.0,0,12
6,1253,1957,16.299999237060547,0,9
6,1253,1958,17.200000762939453,0,2
6,1253,1959,17.200000762939453,0,2
6,1253,1960,16.600000381469727,0,7
6,1253,1961,16.200000762939453,1,10
6,1253,1962,16.0,0,16
6,1253,1963,15.600000381469727,0,15
6,1253,1964,16.100000381469727,0,1
6,1253,1965,16.399999618530273,0,6
6,1253,1966,17.600000381469727,0,0
6,1253,1967,16.700000762939453,0,7
6,1253,1968,16.5,0,4
6,1253,1969,17.0,0,0
6,1253,1970,16.200000762939453,0,10
6,1253,1971,15.199999809265137,0,32
6,1253,1972,15.399999618530273,14,35
6,1253,1973,15.699999809265137,0,15
6,1253,1974,15.600000381469727,0,15
6,1253,1975,14.800000190734863,0,20
6,1253,1976,15.699999809265137,0,12
6,1253,1977,15.899999618530273,0,21
6,1253,1978,15.699999809265137,0,18
6,1253,1979,15.699999809265137,0,12
6,1253,1980,15.899999618530273,0,5
6,1253,1981,16.5,0,0
6,1253,1982,15.0,0,16
6,1253,1983,15.5,0,6
6,1253,1984,16.100000381469727,0,13
6,1253,1985,15.5,0,42
6,1253,1986,16.399999618530273,0,0
6,1253,1987,16.399999618530273,0,21
6,1253,1988,16.600000381469727,1,13
6,1253,1989,15.800000190734863,0,23
6,1253,1990,16.100000381469727,11,37
6,1253,1991,16.200000762939453,0,16
6,1253,1992,17.0,0,11
6,1253,1993,15.899999618530273,0,19
6,1253,1994,15.899999618530273,0,11
6,1253,1995,16.399999618530273,0,5
6,1253,1996,16.799999237060547,0,3
6,1253,1997,16.899999618530273,0,11
6,1253,1998,15.399999618530273,1,11
6,1253,1999,15.800000190734863,0,13
6,1253,2000,16.100000381469727,0,5
6,1253,2001,16.799999237060547,0,11
6,1253,2002,16.5,0,15
6,1253,2003,16.600000381469727,0,6
6,1253,2004,16.799999237060547,0,3
6,1253,2005,16.700000762939453,0,1
6,1253,2006,16.700000762939453,0,6
6,1253,2007,17.600000381469727,0,7
6,1253,2008,16.700000762939453,0,4
6,1253,2009,16.5,0,7
6,1253,2010,15.600000381469727,0,7
6,1253,2011,15.5,0,13
6,1253,2012,16.600000381469727,0,3
6,2004,1976,17.299999237060547,0,25
6,2004,1977,17.799999237060547,0,8
6,2004,1978,17.5,0,7
6,2004,1979,17.100000381469727,0,15
6,2004,1980,18.0,0,0
6,2004,1981,18.600000381469727,0,3
6,2004,1982,16.899999618530273,0,12
6,2004,1983,17.899999618530273,0,6
6,2004,1984,18.700000762939453,0,5
6,2004,1985,17.5,0,9
6,2004,1986,18.100000381469727,0,1
6,2004,1987,17.5,0,16
6,2004,1988,17.700000762939453,0,9
6,2004,1989,18.0,0,9
6,2004,1990,18.100000381469727,0,16
6,2004,1991,17.899999618530273,0,4
6,2004,1992,18.399999618530273,0,7
6,2004,1993,17.899999618530273,0,2
6,2004,1994,18.200000762939453,0,8
6,2004,1995,18.700000762939453,0,2
6,2004,1996,18.700000762939453,0,6
6,2004,1997,18.600000381469727,0,4
6,2004,1998,17.200000762939453,0,11
6,2004,1999,18.0,0,5
6,2004,2000,18.600000381469727,0,6
6,2004,2001,17.700000762939453,0,9
6,2004,2002,17.600000381469727,0,11
6,2004,2003,18.100000381469727,0,4
6,2004,2004,17.600000381469727,0,5
6,2004,2005,18.100000381469727,0,0
6,2004,2006,17.700000762939453,0,2
6,2004,2007,17.0,0,9
6,2004,2008,18.299999237060547,0,3
6,2004,2009,18.0,0,1
6,2004,2010,18.0,0,1
6,2004,2011,18.100000381469727,0,3
6,2004,2012,19.100000381469727,0,0
6,2004,2017,19.5,0,0
6,2004,2018,18.899999618530273,0,1
6,2004,2019,17.5,0,1
6,2004,2020,18.600000381469727,0,1
6,2004,2021,18.299999237060547,0,0
6,2004,2022,19.299999237060547,0,2
6,8151,1967,22.899999618530273,0,1
6,8151,1968,22.899999618530273,0,5
6,8151,1969,23.299999237060547,0,1
6,8151,1970,22.600000381469727,0,3
6,8151,1971,22.100000381469727,0,9
6,8151,1972,22.700000762939453,0,7
6,8151,1973,22.200000762939453,0,4
6,8151,1974,22.799999237060547,0,3
6,8151,1975,21.899999618530273,0,4
6,8151,1976,22.399999618530273,0,7
6,8151,1977,23.0,0,0
6,8151,1978,22.100000381469727,0,0
6,8151,1979,22.200000762939453,0,5
6,8151,1980,22.5,0,0
6,8151,1981,23.5,0,0
6,8151,1982,21.200000762939453,0,9
6,8151,1983,22.0,0,4
6,8151,1984,22.299999237060547,0,1
6,8151,1985,22.200000762939453,0,8
6,8151,1986,22.700000762939453,0,2
6,8151,1987,22.100000381469727,0,12
6,8151,1988,22.600000381469727,0,9
6,8151,1989,23.100000381469727,0,12
6,8151,1990,22.899999618530273,0,12
6,8151,1991,22.700000762939453,0,0
6,8151,1992,23.200000762939453,0,1
6,8151,1993,22.5,0,1
6,8151,1994,23.600000381469727,0,3
6,8151,1995,24.100000381469727,0,0
6,8151,1996,24.299999237060547,0,1
6,8151,1997,23.299999237060547,0,1
6,8151,1998,21.899999618530273,0,3
6,8151,1999,22.700000762939453,0,1
6,8151,2000,23.399999618530273,0,0
6,8151,2001,23.299999237060547,0,4
6,8151,2002,23.100000381469727,0,8
6,8151,2003,23.5,0,3
6,8151,2004,23.0,0,2
6,8151,2005,23.399999618530273,0,0
6,8151,2006,23.600000381469727,0,2
6,8151,2007,23.700000762939453,0,9
6,8151,2008,23.0,0,1
6,8151,2009,23.100000381469727,0,3
6,8151,2010,22.600000381469727,0,1
6,8151,2011,21.799999237060547,0,13
6,8151,2012,23.200000762939453,0,3
6,8201,1971,18.299999237060547,0,7
6,8201,1972,18.799999237060547,0,17
6,8201,1973,19.299999237060547,0,3
6,8201,1974,19.700000762939453,0,2
6,8201,1975,18.799999237060547,0,6
6,8201,1976,19.5,0,2
6,8201,1977,19.700000762939453,0,1
6,8201,1978,19.899999618530273,0,4
6,8201,1979,20.399999618530273,0,1
6,8201,1980,19.5,0,1
6,8201,1981,20.5,0,1
6,8201,1982,19.200000762939453,0,2
6,8201,1983,19.0,0,7
6,8201,1984,19.799999237060547,0,0
6,8201,1985,18.600000381469727,0,8
6,8201,1986,19.700000762939453,0,1
6,8201,1987,19.600000381469727,0,9
6,8201,1988,19.799999237060547,0,6
6,8201,1989,19.600000381469727,0,18
6,8201,1990,19.299999237060547,3,16
6,8201,1991,18.700000762939453,0,9
6,8201,1992,18.899999618530273,0,14
6,8201,1993,18.5,0,9
6,8201,1994,18.100000381469727,0,11
6,8201,1995,18.700000762939453,0,1
6,8201,1996,18.600000381469727,0,2
6,8201,1997,18.299999237060547,0,12
6,8201,1998,17.0,2,14
6,8201,1999,17.299999237060547,0,26
6,8201,2000,18.0,0,22
6,8201,2001,18.600000381469727,0,10
6,8201,2002,18.299999237060547,0,19
6,8201,2003,18.700000762939453,0,8
6,8201,2004,18.200000762939453,0,16
6,8201,2005,18.200000762939453,0,1
6,8201,2006,18.200000762939453,0,17
6,8201,2007,18.200000762939453,0,29
6,8201,2008,18.700000762939453,0,5
6,8201,2009,19.0,0,5
6,8201,2010,18.299999237060547,0,4
6,8201,2011,17.5,0,18
6,8201,2012,18.899999618530273,0,8
12,3996,2006,22.100000381469727,0,1
12,3996,2007,22.5,0,3
12,3996,2008,21.799999237060547,0,5
12,3996,2009,21.799999237060547,0,13
12,3996,2010,21.0,0,22
12,3996,2011,22.399999618530273,0,5
12,3996,2012,22.700000762939453,0,5
12,4097,2021,20.100000381469727,0,10
12,4097,2022,20.0,7,28
12,4099,1974,23.0,0,2
12,4099,1975,23.5,0,1
12,4099,1976,22.5,0,0
12,4099,1977,22.399999618530273,0,3
12,4099,1978,23.299999237060547,0,0
12,4099,1979,24.100000381469727,0,0
12,4099,1980,23.700000762939453,0,0
12,4099,1981,23.799999237060547,0,3
12,4099,1982,24.299999237060547,0,1
12,4099,1983,22.700000762939453,0,1
12,4099,1984,23.399999618530273,0,0
12,4099,1985,24.200000762939453,0,2
12,4099,1986,24.299999237060547,0,1
12,4099,1987,23.700000762939453,0,0
12,4099,1988,23.799999237060547,0,0
12,4099,1989,24.100000381469727,0,2
12,4099,1990,25.100000381469727,0,0
12,4099,1991,24.799999237060547,0,0
12,4099,1992,24.0,0,0
12,4099,1993,24.100000381469727,0,0
12,4099,1994,24.899999618530273,0,0
12,4099,1995,24.0,0,0
12,4099,1996,23.100000381469727,0,3
12,4099,1997,23.799999237060547,0,1
12,4099,1998,24.5,0,0
12,4099,1999,23.600000381469727,0,0
12,4099,2000,23.399999618530273,0,0
12,4099,2001,23.700000762939453,0,2
12,4099,2002,24.0,0,0
12,4099,2003,24.0,0,0
12,4099,2004,23.700000762939453,0,0
12,4099,2005,23.700000762939453,0,0
12,4099,2006,24.100000381469727,0,0
12,4099,2007,24.5,0,0
12,4099,2008,24.200000762939453,0,0
12,4099,2009,24.200000762939453,0,0
12,4099,2010,23.0,0,1
12,4099,2011,23.600000381469727,0,0
12,4099,2012,23.5,0,2
12,4108,2010,18.0,6,59
12,4108,2011,18.600000381469727,0,28
12,4108,2012,19.299999237060547,0,21
12,4108,2017,19.700000762939453,0,13
12,4108,2018,19.700000762939453,5,27
12,4108,2019,19.700000762939453,0,23
12,4108,2020,20.200000762939453,0,18
12,4108,2021,19.5,0,16
12,4108,2022,19.600000381469727,2,28
12,4103,1975,24.5,0,0
12,4103,1976,23.5,0,0
12,4103,1977,23.399999618530273,0,2
12,4103,1978,23.899999618530273,0,0
12,4103,1979,24.299999237060547,0,0
12,4103,1980,24.299999237060547,0,0
12,4103,1981,24.100000381469727,0,0
12,4103,1982,25.200000762939453,0,0
12,4103,1983,24.200000762939453,0,0
12,4103,1984,24.200000762939453,0,0
12,4103,1985,24.200000762939453,0,1
12,4103,1986,24.700000762939453,0,0
12,4103,1987,24.700000762939453,0,0
12,4103,1988,24.600000381469727,0,0
12,4103,1989,25.100000381469727,0,2
12,4103,1990,25.600000381469727,0,0
12,4103,1991,25.399999618530273,0,0
12,4103,1992,24.799999237060547,0,0
12,4103,1993,25.0,0,0
12,4103,1994,25.5,0,0
12,4103,1995,25.0,0,0
12,4103,1996,24.700000762939453,0,0
12,4103,1997,25.600000381469727,0,0
12,4103,1998,25.899999618530273,0,0
12,4103,1999,25.0,0,0
12,4103,2000,24.700000762939453,0,0
12,4103,2001,24.700000762939453,0,0
12,4103,2002,25.100000381469727,0,0
12,4103,2003,24.899999618530273,0,0
12,4103,2004,24.5,0,0
12,4103,2005,24.399999618530273,0,0
12,4103,2006,24.600000381469727,0,0
12,4103,2007,25.100000381469727,0,0
12,4103,2008,25.0,0,0
12,4103,2009,25.299999237060547,0,0
12,4103,2010,24.100000381469727,0,0
12,4103,2011,25.100000381469727,0,0
12,4103,2012,24.700000762939453,0,0
12,4105,1974,20.700000762939453,0,6
12,4105,1975,20.700000762939453,0,10
12,4105,1976,19.200000762939453,0,17
12,4105,1977,19.700000762939453,4,28
12,4105,1978,19.700000762939453,0,15
12,4105,1979,19.899999618530273,1,15
12,4105,1980,20.299999237060547,0,12
12,4105,1981,19.799999237060547,0,23
12,4105,1982,21.100000381469727,2,6
12,4105,1983,19.5,8,14
12,4105,1984,20.100000381469727,0,10
12,4105,1985,20.799999237060547,6,21
12,4105,1986,21.100000381469727,1,6
12,4105,1987,20.100000381469727,0,10
12,4105,1988,19.799999237060547,0,13
12,4105,1989,20.899999618530273,4,13
12,4105,1990,21.799999237060547,0,2
12,4105,1991,21.399999618530273,0,3
12,4105,1992,20.5,0,5
12,4105,1993,20.299999237060547,0,5
12,4105,1994,20.899999618530273,0,7
12,4105,1995,20.399999618530273,0,12
12,4105,1996,19.899999618530273,1,15
12,4105,1997,20.5,0,5
12,4105,1998,21.5,0,1
12,4105,1999,20.600000381469727,0,6
12,4105,2000,20.0,0,15
12,4105,2001,20.5,0,12
12,4105,2002,20.799999237060547,0,7
12,4105,2003,20.200000762939453,1,11
12,4105,2004,20.5,0,8
12,4105,2005,20.5,0,3
12,4105,2006,20.899999618530273,0,3
12,4105,2007,21.0,0,5
12,4105,2008,20.299999237060547,0,6
12,4105,2009,20.799999237060547,0,14
12,4105,2010,19.700000762939453,0,33
12,4105,2011,21.200000762939453,0,4
12,4105,2012,21.399999618530273,0,3
12,1060,1975,24.5,0,0
12,1060,1976,23.5,0,0
12,1060,1977,23.399999618530273,0,2
12,1060,1978,23.899999618530273,0,0
12,1060,1979,24.299999237060547,0,0
12,1060,1980,24.299999237060547,0,0
12,1060,1981,24.100000381469727,0,0
12,1060,1982,25.200000762939453,0,0
12,1060,1983,24.200000762939453,0,0
12,1060,1984,24.200000762939453,0,0
12,1060,1985,24.200000762939453,0,1
12,1060,1986,24.700000762939453,0,0
12,1060,1987,24.700000762939453,0,0
12,1060,1988,24.700000762939453,0,0
12,1060,1989,25.0,0,2
12,1060,1990,25.299999237060547,0,0
12,1060,1991,25.100000381469727,0,0
12,1060,1992,24.600000381469727,0,0
12,1060,1993,24.799999237060547,0,0
12,1060,1994,25.299999237060547,0,0
12,1060,1995,24.799999237060547,0,0
12,1060,1996,24.5,0,0
12,1060,1997,25.200000762939453,0,0
12,1060,1998,25.399999618530273,0,0
12,1060,1999,24.700000762939453,0,0
12,1060,2000,24.600000381469727,0,0
12,1060,2001,24.600000381469727,0,0
12,1060,2002,25.0,0,0
12,1060,2003,24.799999237060547,0,0
12,1060,2004,24.5,0,0
12,1060,2005,24.299999237060547,0,0
12,1060,2006,24.600000381469727,0,0
12,1060,2007,24.899999618530273,0,0
12,1060,2008,24.600000381469727,0,0
12,1060,2009,24.899999618530273,0,0
12,1060,2010,23.799999237060547,0,0
12,1060,2011,25.0,0,0
12,1060,2012,24.600000381469727,0,0
12,4097,1974,19.600000381469727,0,22
12,4097,1975,19.299999237060547,0,22
12,4097,1976,18.0,2,38
12,4097,1977,18.700000762939453,15,49
12,4097,1978,18.5,3,46
12,4097,1979,18.299999237060547,6,35
12,4097,1980,18.700000762939453,4,45
12,4097,1981,18.100000381469727,9,48
12,4097,1982,19.100000381469727,13,23
12,4097,1983,17.600000381469727,22,29
12,4097,1984,18.700000762939453,1,30
12,4097,1985,19.0,23,53
12,4097,1986,19.100000381469727,7,22
12,4097,1987,18.600000381469727,0,28
12,4097,1988,18.5,0,44
12,4097,1989,19.100000381469727,19,22
12,4097,1990,20.200000762939453,0,15
12,4097,1991,19.5,0,27
12,4097,1992,18.600000381469727,0,20
12,4097,1993,18.700000762939453,1,27
12,4097,1994,19.0,1,29
12,4097,1995,19.200000762939453,0,37
12,4097,1996,18.5,17,36
12,4097,1997,18.899999618530273,1,20
12,4097,1998,20.100000381469727,0,17
12,4097,1999,19.200000762939453,5,30
12,4097,2000,18.799999237060547,3,38
12,4097,2001,19.299999237060547,1,30
12,4097,2002,19.5,1,25
12,4097,2003,19.600000381469727,4,29
12,4097,2004,19.600000381469727,0,25
12,4097,2005,19.5,0,21
12,4097,2006,20.0,0,21
12,4097,2007,19.899999618530273,0,26
12,4097,2008,19.200000762939453,1,32
12,4097,2009,19.5,0,31
12,4097,2010,19.100000381469727,6,57
12,4097,2011,19.899999618530273,0,24
12,4097,2012,20.100000381469727,0,21
12,4097,2017,20.600000381469727,0,12
12,4097,2018,20.200000762939453,3,26
12,4097,2019,21.0,0,14
12,4097,2020,20.899999618530273,0,15
12,3995,1970,23.200000762939453,0,1
12,3995,1971,23.5,0,1
12,3995,1972,24.200000762939453,0,0
12,3995,1973,23.700000762939453,0,0
12,3995,1974,23.700000762939453,0,0
12,3995,1975,24.0,0,0
12,3995,1976,23.0,0,0
12,3995,1977,23.100000381469727,0,3
12,3995,1978,23.399999618530273,0,0
12,3995,1979,23.600000381469727,0,0
12,3995,1980,23.600000381469727,0,1
12,3995,1981,23.399999618530273,0,1
12,3995,1982,24.5,0,1
12,3995,1983,23.5,0,1
12,3995,1984,23.600000381469727,0,0
12,3995,1985,23.799999237060547,0,2
12,3995,1986,24.299999237060547,0,1
12,3995,1987,24.100000381469727,0,0
12,3995,1988,24.200000762939453,0,0
12,3995,1989,24.5,0,2
12,3995,1990,25.100000381469727,0,0
12,3995,1991,24.299999237060547,0,0
12,3995,1992,23.600000381469727,0,0
12,3995,1993,23.700000762939453,0,0
12,3995,1994,24.200000762939453,0,0
12,3995,1995,23.5,0,0
12,3995,1996,23.399999618530273,0,0
12,3995,1997,24.5,0,0
12,3995,1998,24.299999237060547,0,0
12,3995,1999,24.100000381469727,0,0
12,3995,2000,23.899999618530273,0,0
12,3995,2001,24.100000381469727,0,0
12,3995,2002,24.5,0,0
12,3995,2003,24.200000762939453,0,0
12,3995,2004,23.799999237060547,0,0
12,3995,2005,23.600000381469727,0,0
12,3995,2006,24.200000762939453,0,0
12,3995,2007,24.600000381469727,0,0
12,3995,2008,24.200000762939453,0,0
12,3995,2009,24.399999618530273,0,0
12,3995,2010,23.5,0,0
12,3995,2011,23.700000762939453,0,0
12,3995,2012,23.600000381469727,0,0
12,3995,2017,24.899999618530273,0,0
12,3995,2018,24.5,0,0
12,3995,2019,25.100000381469727,0,0
12,3995,2020,25.399999618530273,0,0
12,3995,2021,24.899999618530273,0,0
12,3995,2022,25.0,0,0
12,3996,1974,21.399999618530273,0,9
12,3996,1975,22.0,0,8
12,3996,1976,20.5,0,14
12,3996,1977,20.700000762939453,2,22
12,3996,1978,21.100000381469727,0,15
12,3996,1979,21.100000381469727,0,15
12,3996,1980,20.700000762939453,0,16
12,3996,1981,20.600000381469727,1,23
12,3996,1982,21.899999618530273,0,7
12,3996,1983,20.799999237060547,2,10
12,3996,1984,20.899999618530273,0,8
12,3996,1985,21.399999618530273,3,16
12,3996,1986,21.5,0,8
12,3996,1987,21.200000762939453,0,9
12,3996,1988,20.700000762939453,0,13
12,3996,1989,21.700000762939453,5,10
12,3996,1990,23.5,0,0
12,3996,1991,23.299999237060547,0,0
12,3996,1992,21.899999618530273,0,2
12,3996,1993,21.299999237060547,0,4
12,3996,1994,22.299999237060547,0,2
12,3996,1995,21.799999237060547,0,13
12,3996,1996,20.799999237060547,0,8
12,3996,1997,22.100000381469727,0,5
12,3996,1998,22.399999618530273,0,0
12,3996,1999,21.700000762939453,0,5
12,3996,2000,21.299999237060547,0,16
12,3996,2001,21.600000381469727,0,14
12,3996,2002,21.799999237060547,0,12
12,3996,2003,21.799999237060547,0,11
12,3996,2004,21.700000762939453,0,4
12,3996,2005,21.700000762939453,0,1
12,4107,1970,22.299999237060547,0,3
12,4107,1971,22.899999618530273,0,1
12,4107,1972,23.399999618530273,0,0
12,4107,1973,23.100000381469727,0,0
12,4107,1974,23.299999237060547,0,0
12,4107,1975,23.700000762939453,0,1
12,4107,1976,22.600000381469727,0,2
12,4107,1977,22.5,0,3
12,4107,1978,22.799999237060547,0,0
12,4107,1979,23.200000762939453,0,1
12,4107,1980,22.899999618530273,0,1
12,4107,1981,22.399999618530273,0,7
12,4107,1982,23.700000762939453,0,1
12,4107,1983,22.799999237060547,0,2
12,4107,1984,22.700000762939453,0,0
12,4107,1985,22.899999618530273,0,5
12,4107,1986,23.100000381469727,0,3
12,4107,1987,22.700000762939453,0,0
12,4107,1988,22.700000762939453,0,0
12,4107,1989,23.0,0,7
12,4107,1990,23.899999618530273,0,0
12,4107,1991,23.799999237060547,0,1
12,4107,1992,22.700000762939453,0,0
12,4107,1993,22.600000381469727,0,0
12,4107,1994,23.700000762939453,0,0
12,4107,1995,22.799999237060547,0,3
12,4107,1996,22.700000762939453,0,3
12,4107,1997,23.200000762939453,0,1
12,4107,1998,22.799999237060547,0,0
12,4107,1999,22.200000762939453,0,1
12,4107,2000,21.700000762939453,0,3
12,4107,2001,21.899999618530273,0,3
12,4107,2002,22.200000762939453,0,5
12,4107,2003,22.0,0,6
12,4107,2004,22.100000381469727,0,0
12,4107,2005,22.0,0,0
12,4107,2006,22.200000762939453,0,0
12,4107,2007,22.799999237060547,0,2
12,4107,2008,22.299999237060547,0,0
12,4107,2009,22.899999618530273,0,4
12,4107,2010,21.700000762939453,0,13
12,4107,2011,23.100000381469727,0,1
12,4107,2012,23.0,0,0
12,4107,2017,23.200000762939453,0,0
12,4107,2018,22.600000381469727,0,1
12,4107,2019,23.299999237060547,0,0
12,4107,2020,24.100000381469727,0,0
12,4107,2021,23.899999618530273,0,0
12,4107,2022,24.0,0,0
12,4108,1974,20.0,0,14
12,4108,1975,19.700000762939453,0,15
12,4108,1976,18.200000762939453,0,40
12,4108,1977,18.799999237060547,13,43
12,4108,1978,18.799999237060547,1,39
12,4108,1979,18.700000762939453,4,37
12,4108,1980,19.100000381469727,3,39
12,4108,1981,18.899999618530273,5,35
12,4108,1982,19.5,11,25
12,4108,1983,18.399999618530273,17,30
12,4108,1984,19.100000381469727,2,29
12,4108,1985,19.399999618530273,12,48
12,4108,1986,19.799999237060547,3,25
12,4108,1987,19.200000762939453,0,27
12,4108,1988,18.799999237060547,1,41
12,4108,1989,18.899999618530273,15,26
12,4108,1990,20.299999237060547,0,17
12,4108,1991,20.100000381469727,0,20
12,4108,1992,19.299999237060547,0,15
12,4108,1993,19.0,0,17
12,4108,1994,19.200000762939453,0,24
12,4108,1995,19.100000381469727,0,40
12,4108,1996,18.5,16,36
12,4108,1997,19.0,1,21
12,4108,1998,20.100000381469727,0,22
12,4108,1999,19.399999618530273,4,24
12,4108,2000,19.100000381469727,3,31
12,4108,2001,19.0,1,24
12,4108,2002,19.100000381469727,1,36
12,4108,2003,19.100000381469727,3,38
12,4108,2004,19.100000381469727,0,27
12,4108,2005,19.0,0,18
12,4108,2006,19.299999237060547,0,23
12,4108,2007,19.200000762939453,0,23
12,4108,2008,18.600000381469727,1,37
12,4108,2009,18.899999618530273,0,34
12,9054,1978,19.600000381469727,0,18
12,9054,1979,19.799999237060547,1,17
12,9054,1980,20.100000381469727,0,13
12,9054,1981,19.700000762939453,0,23
12,9054,1982,20.799999237060547,3,7
12,9054,1983,19.299999237060547,9,14
12,9054,1984,20.0,0,9
12,9054,1985,20.700000762939453,8,26
12,9054,1986,21.0,1,7
12,9054,1987,20.0,0,9
12,9054,1974,20.5,0,5
12,9054,1975,20.600000381469727,0,13
12,9054,1976,19.100000381469727,0,19
12,9054,1977,19.5,6,29
12,9054,1988,19.899999618530273,0,12
12,9054,1989,21.0,5,13
12,9054,1990,21.799999237060547,0,1
12,9054,1991,21.299999237060547,0,3
12,9054,1992,20.299999237060547,0,4
12,9054,1993,20.200000762939453,0,5
12,9054,1994,20.799999237060547,0,5
12,9054,1995,20.399999618530273,0,9
12,9054,1996,19.799999237060547,1,14
12,9054,1997,20.399999618530273,0,4
12,9054,1998,21.5,0,1
12,9054,1999,20.5,0,7
12,9054,2000,19.799999237060547,0,16
12,9054,2001,20.5,0,12
12,9054,2002,20.5,0,7
12,9054,2003,19.899999618530273,1,15
12,9054,2004,20.299999237060547,0,11
12,9054,2005,20.399999618530273,0,3
12,9054,2006,20.799999237060547,0,3
12,9054,2007,20.799999237060547,0,5
12,9054,2008,20.200000762939453,0,7
12,9054,2009,20.700000762939453,0,13
12,9054,2010,19.600000381469727,0,36
12,9054,2011,20.700000762939453,0,7
12,9054,2012,21.100000381469727,0,6
13,4111,1966,15.600000381469727,28,52
13,4111,1967,15.600000381469727,10,52
13,4111,1968,15.300000190734863,17,78
13,4111,1969,15.800000190734863,9,65
13,4111,1970,16.5,52,47
13,4111,1971,16.399999618530273,19,49
13,4111,1972,16.399999618530273,10,35
13,4111,1973,16.399999618530273,11,45
13,4111,1974,16.700000762939453,3,34
13,4111,1975,16.899999618530273,5,35
13,4111,1976,15.699999809265137,26,58
13,4111,1977,16.399999618530273,64,64
13,4111,1978,16.200000762939453,32,63
13,4111,1979,16.299999237060547,16,48
13,4111,1980,16.5,17,50
13,4111,1981,16.299999237060547,33,59
13,4111,1982,17.100000381469727,42,37
13,4111,1983,16.299999237060547,32,47
13,4111,1984,17.0,7,49
13,4111,1985,16.899999618530273,29,57
13,4111,1986,17.5,16,42
13,4111,1987,17.0,3,40
13,4111,1988,16.399999618530273,13,57
13,4111,1989,16.399999618530273,25,41
13,4111,1990,17.700000762939453,0,23
13,4111,1991,17.0,6,37
13,4111,1992,16.100000381469727,3,43
13,4111,1993,16.600000381469727,6,48
13,4111,1994,16.600000381469727,29,31
13,4111,1995,16.600000381469727,14,53
13,4111,1996,15.800000190734863,36,56
13,4111,1997,16.0,9,40
13,4111,1998,17.5,0,30
13,4111,1999,16.899999618530273,11,47
13,4111,2000,16.299999237060547,26,56
13,4111,2001,16.700000762939453,7,45
13,4111,2002,16.700000762939453,7,54
13,4111,2003,16.100000381469727,13,57
13,4111,2004,16.600000381469727,3,64
13,4111,2005,16.5,9,53
13,4111,2006,17.200000762939453,0,42
13,4111,2007,17.200000762939453,2,49
13,4111,2008,16.399999618530273,14,53
13,4111,2009,16.299999237060547,16,56
13,4111,2010,16.200000762939453,49,76
13,4111,2011,16.700000762939453,16,50
13,4111,2012,17.200000762939453,5,38
13,4111,2017,17.700000762939453,3,37
13,4111,2018,17.100000381469727,21,44
13,4111,2019,17.799999237060547,0,31
13,4111,2020,17.600000381469727,0,23
13,4111,2021,17.5,0,32
13,4111,2022,17.100000381469727,15,44
15,1003,1980,24.799999237060547,0,0
15,1003,1981,25.0,0,0
15,1003,1982,24.600000381469727,0,0
15,1003,1983,24.399999618530273,0,0
15,1003,1984,25.200000762939453,0,0
15,1003,1985,24.399999618530273,0,0
15,1003,1986,24.799999237060547,0,0
15,1003,1987,23.899999618530273,0,0
15,1003,1988,24.399999618530273,0,0
15,1003,1989,23.899999618530273,0,0
15,1003,1990,24.200000762939453,0,0
15,1003,1991,24.200000762939453,0,0
15,1003,1992,24.299999237060547,0,0
15,1003,1993,23.799999237060547,0,0
15,1003,1994,24.0,0,0
15,1003,1995,24.200000762939453,0,0
15,1003,1996,24.399999618530273,0,0
15,1003,1997,24.200000762939453,0,0
15,1003,1998,23.600000381469727,0,0
15,1003,1999,23.700000762939453,0,0
15,1003,2000,23.899999618530273,0,0
15,1003,2001,24.0,0,0
15,1003,2002,24.0,0,0
15,1003,2003,24.399999618530273,0,0
15,1003,2004,24.799999237060547,0,0
15,1003,2005,25.200000762939453,0,0
15,1003,2006,24.5,0,0
15,1003,2007,24.399999618530273,0,0
15,1003,2008,24.200000762939453,0,0
15,1003,2009,24.0,0,0
15,1003,2010,23.799999237060547,0,0
15,1003,2011,24.100000381469727,0,0
15,1003,2012,24.299999237060547,0,0
15,1006,1980,24.799999237060547,0,0
15,1006,1981,25.0,0,0
15,1006,1982,24.600000381469727,0,0
15,1006,1983,24.399999618530273,0,0
15,1006,1984,25.200000762939453,0,0
15,1006,1985,24.399999618530273,0,0
15,1006,1986,24.799999237060547,0,0
15,1006,1987,23.899999618530273,0,0
15,1006,1988,24.399999618530273,0,0
15,1006,1989,23.899999618530273,0,0
15,1006,1990,24.200000762939453,0,0
15,1006,1991,24.200000762939453,0,0
15,1006,1992,24.299999237060547,0,0
15,1006,1993,23.799999237060547,0,0
15,1006,1994,24.0,0,0
15,1006,1995,24.200000762939453,0,0
15,1006,1996,24.399999618530273,0,0
15,1006,1997,24.200000762939453,0,0
15,1006,1998,23.5,0,0
15,1006,1999,23.700000762939453,0,0
15,1006,2000,23.899999618530273,0,0
15,1006,2001,24.0,0,0
15,1006,2002,24.0,0,0
15,1006,2003,24.399999618530273,0,0
15,1006,2004,24.799999237060547,0,0
15,1006,2005,25.200000762939453,0,0
15,1006,2006,24.5,0,0
15,1006,2007,24.399999618530273,0,0
15,1006,2008,24.200000762939453,0,0
15,1006,2009,24.0,0,0
15,1006,2010,23.799999237060547,0,0
15,1006,2011,24.100000381469727,0,0
15,1006,2012,24.299999237060547,0,0
15,1008,1975,20.200000762939453,0,0
15,1008,1976,20.0,0,0
15,1008,1977,21.0,0,0
15,1008,1978,21.200000762939453,0,0
15,1008,1979,21.600000381469727,0,0
15,1008,1980,21.899999618530273,0,0
15,1008,1981,21.600000381469727,0,0
15,1008,1982,23.200000762939453,0,0
15,1008,1983,22.700000762939453,0,0
15,1008,1984,23.100000381469727,0,0
15,1008,1985,23.799999237060547,0,0
15,1008,1986,25.0,0,0
15,1008,1987,24.399999618530273,0,0
15,1008,1988,24.299999237060547,0,0
15,1008,1989,24.0,0,0
15,1008,1990,23.899999618530273,0,0
15,1008,1991,23.700000762939453,0,0
15,1008,1992,24.0,0,0
15,1008,1993,23.399999618530273,0,0
15,1008,1994,23.700000762939453,0,0
15,1008,1995,23.700000762939453,0,0
15,1008,1996,24.0,0,0
15,1008,1997,23.700000762939453,0,0
15,1008,1998,23.0,0,0
15,1008,1999,22.700000762939453,0,0
15,1008,2000,23.100000381469727,0,0
15,1008,2001,23.200000762939453,0,0
15,1008,2002,23.200000762939453,0,0
15,1008,2003,22.899999618530273,0,0
15,1008,2004,22.899999618530273,0,0
15,1008,2005,22.799999237060547,0,0
15,1008,2006,22.799999237060547,0,0
15,1008,2007,21.799999237060547,0,0
15,1008,2008,21.5,0,0
15,1008,2009,21.600000381469727,0,0
15,1008,2010,22.299999237060547,0,0
15,1008,2011,22.399999618530273,0,0
15,1008,2012,22.799999237060547,0,0
15,7080,1975,20.200000762939453,0,0
15,7080,1976,20.0,0,0
15,7080,1977,22.899999618530273,0,0
15,7080,1978,23.399999618530273,0,0
15,7080,1979,23.600000381469727,0,0
15,7080,1980,23.700000762939453,0,0
15,7080,1981,23.600000381469727,0,0
15,7080,1982,25.0,0,0
15,7080,1983,24.700000762939453,0,0
15,7080,1984,25.0,0,0
15,7080,1985,24.899999618530273,0,0
15,7080,1986,26.100000381469727,0,0
15,7080,1987,25.5,0,0
15,7080,1988,25.5,0,0
15,7080,1989,25.200000762939453,0,0
15,7080,1990,24.799999237060547,0,0
15,7080,1991,24.399999618530273,0,0
15,7080,1992,24.600000381469727,0,0
15,7080,1993,24.100000381469727,0,0
15,7080,1994,24.399999618530273,0,0
15,7080,1995,24.399999618530273,0,0
15,7080,1996,24.700000762939453,0,0
15,7080,1997,24.399999618530273,0,0
15,7080,1998,23.700000762939453,0,0
15,7080,1999,23.5,0,0
15,7080,2000,23.799999237060547,0,0
15,7080,2001,23.799999237060547,0,0
15,7080,2002,23.899999618530273,0,0
15,7080,2003,23.700000762939453,0,0
15,7080,2004,23.799999237060547,0,0
15,7080,2005,23.799999237060547,0,0
15,7080,2006,23.600000381469727,0,0
15,7080,2007,22.600000381469727,0,0
15,7080,2008,22.399999618530273,0,0
15,7080,2009,22.5,0,0
15,7080,2010,23.100000381469727,0,0
15,7080,2011,23.899999618530273,0,0
15,7080,2012,24.299999237060547,0,0
16,1021,1969,7.5,483,132
16,1021,1970,7.199999809265137,385,160
16,1021,1971,6.300000190734863,640,125
16,1021,1972,6.699999809265137,725,117
16,1021,1973,6.300000190734863,703,122
16,1021,1974,7.0,629,134
16,1021,1975,5.599999904632568,735,142
16,1021,1976,6.300000190734863,706,141
16,1021,1977,6.699999809265137,734,129
16,1021,1978,6.300000190734863,662,133
16,1021,1979,6.199999809265137,823,129
16,1021,1980,7.199999809265137,407,150
16,1021,1981,7.900000095367432,365,147
16,1021,1982,5.800000190734863,745,136
16,1021,1983,7.0,559,133
16,1021,1984,5.300000190734863,906,115
16,1021,1985,4.5,1304,95
16,1021,1986,7.5,468,145
16,1021,1987,7.599999904632568,535,141
16,1021,1988,7.199999809265137,698,124
16,1021,1989,6.099999904632568,874,118
16,1021,1990,7.199999809265137,652,135
16,1021,1991,6.800000190734863,637,132
16,1021,1992,7.599999904632568,581,128
16,1021,1993,5.099999904632568,867,117
16,1021,1994,7.800000190734863,494,132
16,1021,1995,7.300000190734863,365,164
16,1021,1996,7.099999904632568,509,146
16,1021,1997,7.099999904632568,532,150
16,1021,1998,7.400000095367432,445,152
16,1021,1999,7.0,446,151
16,1021,2000,7.099999904632568,551,136
16,1021,2001,7.099999904632568,797,97
16,1021,2002,6.5,759,127
16,1021,2003,8.199999809265137,341,140
16,1021,2004,6.900000095367432,566,115
16,1021,2005,6.599999904632568,602,132
16,1021,2006,7.199999809265137,566,125
16,1021,2007,7.900000095367432,643,114
16,1021,2008,6.0,801,131
16,1021,2009,5.900000095367432,716,116
16,1021,2010,6.599999904632568,559,135
16,1021,2011,6.300000190734863,666,113
16,1021,2012,8.800000190734863,315,119
17,1003,1995,13.0,222,70
17,1003,1996,12.600000381469727,273,81
17,1003,1997,12.800000190734863,194,69
17,1003,1998,14.5,107,60
17,1003,1999,13.899999618530273,132,81
17,1003,2000,12.899999618530273,288,83
17,1003,2001,13.699999809265137,135,84
17,1003,2002,13.600000381469727,106,94
17,1003,2003,13.100000381469727,195,66
17,1003,2004,13.199999809265137,202,69
17,1003,2005,13.899999618530273,152,73
17,1003,2006,14.100000381469727,82,76
17,1003,2007,14.100000381469727,171,91
17,1003,2008,12.399999618530273,237,90
17,1003,1959,13.5,197,66
17,1003,1960,12.0,283,80
17,1003,1961,12.0,238,70
17,1003,1962,12.300000190734863,308,74
17,1003,1963,12.0,505,62
17,1003,1964,12.899999618530273,186,82
17,1003,1965,12.899999618530273,224,67
17,1003,1966,11.699999809265137,282,70
17,1003,2009,12.899999618530273,205,74
17,1003,2010,13.5,290,69
17,1003,2011,13.399999618530273,198,69
17,1003,2012,14.699999809265137,78,79
17,1003,1967,13.100000381469727,183,62
17,1003,1968,13.0,232,70
17,1003,1969,12.300000190734863,168,89
17,1003,1970,12.5,288,77
17,1003,1971,13.600000381469727,171,86
17,1003,1972,12.699999809265137,191,80
17,1003,1973,13.800000190734863,170,58
17,1003,1974,13.100000381469727,162,72
17,1003,1975,13.300000190734863,111,89
17,1003,1976,12.399999618530273,220,98
17,1003,1977,13.100000381469727,432,58
17,1003,1978,11.899999618530273,414,58
17,1003,1979,11.899999618530273,417,75
17,1003,1980,12.800000190734863,243,87
17,1003,1981,12.800000190734863,222,83
17,1003,1982,12.399999618530273,317,77
17,1003,1983,12.699999809265137,252,77
17,1003,1984,12.800000190734863,203,78
17,1003,1985,12.399999618530273,378,66
17,1003,1986,13.699999809265137,149,75
17,1003,1987,13.800000190734863,113,76
17,1003,1988,12.899999618530273,237,95
17,1003,1989,12.100000381469727,330,84
17,1003,1990,14.0,95,91
17,1003,1991,14.0,156,77
17,1003,1992,13.800000190734863,46,78
17,1003,1993,12.800000190734863,175,71
17,1003,1994,13.399999618530273,203,62
18,2009,1948,11.5,374,63
18,2009,1949,12.5,119,91
18,2009,1950,10.800000190734863,325,88
18,2009,1951,11.0,340,89
18,2009,1952,12.0,137,92
18,2009,1953,12.5,131,101
18,2009,1954,12.399999618530273,149,100
18,2009,1955,11.699999809265137,345,87
18,2009,1956,11.699999809265137,182,104
18,2009,1957,11.300000190734863,226,104
18,2009,1958,10.0,438,85
18,2009,1959,11.600000381469727,275,100
18,2009,1960,10.199999809265137,484,88
18,2009,1961,10.5,326,96
18,2009,1962,10.399999618530273,425,102
18,2009,1963,10.0,655,77
18,2009,1964,11.300000190734863,255,109
18,2009,1965,11.199999809265137,328,94
18,2009,1966,9.899999618530273,398,97
18,2009,1967,10.100000381469727,337,100
18,2009,1968,10.199999809265137,429,84
18,2009,1969,9.600000381469727,409,108
18,2009,1970,10.300000190734863,473,98
18,2009,1971,10.899999618530273,332,95
18,2009,1972,10.300000190734863,349,96
18,2009,1973,11.800000190734863,260,72
18,2009,1974,10.899999618530273,261,88
18,2009,1975,11.199999809265137,227,105
18,2009,1976,10.0,406,109
18,2009,1977,10.699999809265137,703,58
18,2009,1978,9.600000381469727,632,55
18,2009,1979,9.5,608,80
18,2009,1980,10.199999809265137,429,100
18,2009,1981,10.300000190734863,408,95
18,2009,1982,10.399999618530273,486,86
18,2009,1983,11.100000381469727,352,92
18,2009,1984,10.600000381469727,374,90
18,2009,1985,10.300000190734863,595,50
18,2009,1986,11.100000381469727,307,83
18,2009,1987,11.600000381469727,172,108
18,2009,1988,10.5,412,94
18,2009,1989,9.899999618530273,466,95
18,2009,1990,11.600000381469727,118,101
18,2009,1991,11.800000190734863,258,86
18,2009,1992,10.399999618530273,179,92
18,2009,1993,10.199999809265137,332,78
18,2009,1994,10.5,389,84
18,2009,1995,10.600000381469727,437,80
18,2009,1996,9.699999809265137,464,83
18,2009,1997,9.899999618530273,309,101
18,2009,1998,12.600000381469727,129,81
18,2009,1999,11.699999809265137,278,86
18,2009,2000,10.699999809265137,454,76
18,2009,2001,11.800000190734863,214,84
18,2009,2002,11.800000190734863,170,101
18,2009,2003,10.5,426,72
18,2009,2004,11.199999809265137,360,72
18,2009,2005,11.5,339,71
18,2009,2006,11.899999618530273,116,89
18,2009,2007,11.800000190734863,362,86
18,2009,2008,10.600000381469727,400,98
18,2009,2009,10.300000190734863,384,80
18,2009,2010,11.199999809265137,469,73
18,2009,2011,11.5,277,85
18,2009,2012,12.5,124,94
23,1012,1951,7.800000190734863,475,106
23,1012,1952,8.199999809265137,368,113
23,1012,1953,8.800000190734863,308,91
23,1012,1954,7.400000095367432,480,104
23,1012,1955,7.400000095367432,636,90
23,1012,1956,6.699999809265137,483,118
23,1012,1957,7.699999809265137,518,105
23,1012,1958,6.699999809265137,594,95
23,1012,1959,7.300000190734863,613,104
23,1012,1960,7.400000095367432,503,108
23,1012,1961,7.5,594,92
23,1012,1962,6.599999904632568,646,109
23,1012,1963,7.0,703,89
23,1012,1964,7.099999904632568,515,111
23,1012,1965,6.900000095367432,551,116
23,1012,1966,7.400000095367432,481,116
23,1012,1967,6.699999809265137,640,98
23,1012,1968,6.900000095367432,707,83
23,1012,1969,7.800000190734863,487,105
23,1012,1970,7.400000095367432,737,77
23,1012,1971,7.300000190734863,670,111
23,1012,1972,6.5,670,104
23,1012,1973,8.300000190734863,416,103
23,1012,1974,7.199999809265137,503,119
23,1012,1975,7.599999904632568,562,109
23,1012,1976,6.699999809265137,744,102
23,1012,1977,7.199999809265137,633,98
23,1012,1978,6.699999809265137,677,93
23,1012,1979,7.900000095367432,542,82
23,1012,1980,7.099999904632568,678,104
23,1012,1981,7.900000095367432,510,104
23,1012,1982,7.099999904632568,685,96
23,1012,1983,8.199999809265137,426,99
23,1012,1984,7.800000190734863,503,100
23,1012,1985,7.300000190734863,624,94
23,1012,1986,7.5,479,118
23,1012,1987,7.800000190734863,505,110
23,1012,1988,7.800000190734863,552,106
23,1012,1989,7.199999809265137,734,95
23,1012,1990,9.0,316,110
23,1012,1991,8.699999809265137,451,103
23,1012,1992,7.5,455,114
23,1012,1993,7.800000190734863,610,108
23,1012,1994,7.900000095367432,673,89
23,1012,1995,7.800000190734863,542,109
23,1012,1996,7.5,560,96
23,1012,1997,7.099999904632568,524,114
23,1012,1998,8.800000190734863,312,103
23,1012,1999,8.800000190734863,408,111
23,1012,2000,7.199999809265137,591,86
23,1012,2001,8.100000381469727,496,117
23,1012,2002,8.100000381469727,359,132
23,1012,2003,7.0,724,86
23,1012,2004,7.199999809265137,632,105
23,1012,2005,7.5,624,91
23,1012,2006,8.800000190734863,325,103
23,1012,2007,7.199999809265137,670,94
23,1012,2008,7.5,523,110
23,1012,2009,7.099999904632568,624,92
23,1012,2010,9.100000381469727,323,94
23,1012,2011,8.199999809265137,504,98
23,1012,2012,8.800000190734863,352,110
26,1010,1998,10.600000381469727,226,84
26,1010,1999,9.199999809265137,454,98
26,1010,2000,8.399999618530273,621,74
26,1010,2001,9.600000381469727,331,94
26,1010,2002,9.300000190734863,298,126
26,1010,2003,8.199999809265137,601,80
26,1010,2004,8.399999618530273,600,81
26,1010,2005,9.0,562,83
26,1010,2006,9.600000381469727,220,107
26,1010,2007,9.199999809265137,536,75
26,1010,2008,8.399999618530273,537,96
26,1010,2009,8.100000381469727,571,78
26,1010,2010,9.600000381469727,465,81
26,1010,2011,9.0,506,79
26,1010,2012,10.5,218,107
26,1001,1970,6.300000190734863,910,86
26,1001,1971,6.900000095367432,747,107
26,1001,1972,5.599999904632568,853,111
26,1001,1973,7.800000190734863,568,87
26,1001,1974,6.199999809265137,686,124
26,1001,1975,6.900000095367432,684,104
26,1001,1976,5.599999904632568,917,117
26,1001,1977,6.5,925,96
26,1001,1978,5.400000095367432,996,91
26,1001,1979,5.599999904632568,918,100
26,1001,1980,5.400000095367432,916,107
26,1001,1981,6.5,668,120
26,1001,1982,6.099999904632568,852,92
26,1001,1983,6.699999809265137,658,112
26,1001,1984,6.5,732,112
26,1001,1985,6.099999904632568,852,88
26,1001,1986,6.699999809265137,677,106
26,1001,1987,7.900000095367432,464,131
26,1001,1988,6.599999904632568,800,121
26,1001,1989,5.599999904632568,967,101
26,1001,1990,7.400000095367432,492,135
26,1001,1991,7.400000095367432,653,102
26,1001,1992,5.900000095367432,549,135
26,1001,1993,6.099999904632568,725,112
26,1001,1994,6.300000190734863,904,107
26,1001,1995,6.599999904632568,777,96
26,1001,1996,5.599999904632568,899,112
26,1001,1997,5.900000095367432,656,122
26,1001,1998,8.5,406,117
26,1001,1999,7.400000095367432,585,119
26,1001,2000,6.800000190734863,738,98
26,1001,2001,7.900000095367432,464,103
26,1001,2002,7.199999809265137,517,144
26,1001,2003,6.300000190734863,794,98
26,1001,2004,6.5,752,103
26,1001,2005,7.300000190734863,731,99
26,1001,2006,8.0,356,132
26,1001,2007,7.300000190734863,749,85
26,1001,2008,6.199999809265137,813,105
26,1001,2009,6.0,796,103
26,1001,2010,8.0,559,104
26,1001,2011,6.900000095367432,697,114
26,1001,2012,8.300000190734863,388,139
26,1010,1958,7.800000190734863,654,93
26,1010,1959,8.399999618530273,644,96
26,1010,1960,8.0,632,74
26,1010,1961,8.699999809265137,456,99
26,1010,1962,7.699999809265137,693,94
26,1010,1963,7.900000095367432,839,74
26,1010,1964,9.199999809265137,397,96
26,1010,1965,8.5,480,94
26,1010,1966,8.100000381469727,538,91
26,1010,1967,8.100000381469727,510,86
26,1010,1968,8.699999809265137,540,81
26,1010,1969,8.399999618530273,486,90
26,1010,1970,8.600000381469727,623,70
26,1010,1971,9.100000381469727,491,83
26,1010,1972,7.800000190734863,536,96
26,1010,1973,9.699999809265137,378,73
26,1010,1974,8.600000381469727,428,102
26,1010,1975,9.300000190734863,387,95
26,1010,1976,8.0,639,96
26,1010,1977,8.600000381469727,694,64
26,1010,1978,7.800000190734863,724,83
26,1010,1979,8.199999809265137,658,76
26,1010,1980,7.800000190734863,594,79
26,1010,1981,8.300000190734863,487,94
26,1010,1982,8.399999618530273,624,76
26,1010,1983,8.899999618530273,457,88
26,1010,1984,8.699999809265137,521,86
26,1010,1985,8.600000381469727,585,69
26,1010,1986,8.800000190734863,470,99
26,1010,1987,10.100000381469727,273,101
26,1010,1988,8.800000190734863,545,89
26,1010,1989,7.900000095367432,656,91
26,1010,1990,9.5,275,113
26,1010,1991,9.5,423,83
26,1010,1992,8.100000381469727,333,113
26,1010,1993,7.900000095367432,517,95
26,1010,1994,8.0,689,88
26,1010,1995,8.199999809265137,611,89
26,1010,1996,7.5,642,96
26,1010,1997,7.800000190734863,416,116
27,1029,1970,5.5,1284,74
27,1029,1971,5.5,1232,72
27,1029,1972,4.199999809265137,1492,82
27,1029,1973,6.900000095367432,900,97
27,1029,1974,5.800000190734863,1018,106
27,1029,1975,5.5,1272,67
27,1029,1976,5.5,1342,99
27,1029,1977,5.800000190734863,1309,60
27,1029,1978,5.5,1376,63
27,1029,1979,4.400000095367432,1328,93
27,1029,1980,6.099999904632568,1093,90
27,1029,1981,6.5,857,95
27,1029,1982,5.199999809265137,1308,69
27,1029,1983,5.900000095367432,1096,81
27,1029,1984,6.300000190734863,988,94
27,1029,1985,5.099999904632568,1356,78
27,1029,1986,7.099999904632568,908,83
27,1029,1987,9.100000381469727,478,107
27,1029,1988,6.900000095367432,1159,92
27,1029,1989,5.099999904632568,1383,92
27,1029,1990,6.800000190734863,810,119
27,1029,1991,6.099999904632568,1106,92
27,1029,1992,5.800000190734863,753,105
27,1029,1993,4.800000190734863,1128,95
27,1029,1994,5.699999809265137,1211,87
27,1029,1995,5.699999809265137,1173,76
27,1029,1996,3.9000000953674316,1562,80
27,1029,1997,5.400000095367432,1095,82
27,1029,1998,7.699999809265137,705,83
27,1029,1999,6.800000190734863,807,109
27,1029,2000,5.699999809265137,1162,79
27,1029,2001,6.699999809265137,930,79
27,1029,2002,6.699999809265137,784,107
27,1029,2003,6.800000190734863,986,75
27,1029,2004,6.699999809265137,879,96
27,1029,2005,7.599999904632568,898,82
27,1029,2006,7.900000095367432,577,127
27,1029,2007,6.699999809265137,1111,74
27,1029,2008,5.300000190734863,1333,78
27,1029,2009,5.900000095367432,1212,65
27,1029,2010,7.0,1043,55
27,1029,2011,6.5,995,88
27,1029,2012,8.0,656,100
27,1029,2017,7.199999809265137,797,87
27,1029,2018,6.0,1049,94
27,1029,2019,5.400000095367432,1214,81
27,1029,2020,6.900000095367432,792,115
27,1029,2021,7.800000190734863,862,99
27,1029,2022,7.300000190734863,954,64
28,1016,1994,17.0,14,58
28,1016,1995,17.100000381469727,9,55
28,1016,1996,16.799999237060547,64,52
28,1016,1997,16.600000381469727,26,35
28,1016,1998,18.100000381469727,8,37
28,1016,1999,17.5,23,36
28,1016,2000,16.899999618530273,39,58
28,1016,2001,17.0,18,48
28,1016,2002,17.700000762939453,8,51
28,1016,2003,16.899999618530273,18,53
28,1016,2004,17.0,21,49
28,1016,2005,17.100000381469727,5,44
28,1016,2006,17.5,7,50
28,1016,2007,17.5,9,52
28,1016,2008,16.5,16,65
28,1016,2009,16.600000381469727,12,49
28,1016,2010,16.899999618530273,46,67
28,1016,2011,17.799999237060547,23,46
28,1016,2012,18.100000381469727,2,43
28,3082,1971,17.600000381469727,16,42
28,3082,1972,17.5,12,39
28,3082,1973,17.5,20,50
28,3082,1974,17.5,4,34
28,3082,1975,17.100000381469727,11,39
28,3082,1976,15.699999809265137,36,67
28,3082,1977,17.399999618530273,73,47
28,3082,1978,16.700000762939453,55,57
28,3082,1979,16.399999618530273,49,53
28,3082,1980,16.0,36,72
28,3082,1981,16.0,47,81
28,3082,1982,16.5,59,58
28,3082,1983,15.5,62,62
28,3082,1984,16.399999618530273,28,67
28,3082,1985,16.100000381469727,91,65
28,3082,1986,16.899999618530273,21,63
28,3082,1987,16.200000762939453,4,77
28,3082,1988,15.600000381469727,54,75
28,3082,1989,15.399999618530273,88,58
28,3082,1990,16.700000762939453,12,57
28,3082,1991,16.5,14,70
28,3082,1992,15.5,12,57
28,3082,1993,15.600000381469727,12,81
28,3082,1994,16.0,31,60
28,3082,1995,16.0,27,65
28,3082,1996,15.5,95,73
28,3082,1997,15.199999809265137,39,69
28,3082,1998,16.899999618530273,8,60
28,3082,1999,16.5,29,74
28,3082,2000,16.200000762939453,53,75
28,3082,2001,15.800000190734863,32,68
28,3082,2002,16.100000381469727,25,78
28,3082,2003,15.699999809265137,30,72
28,3082,2004,16.100000381469727,33,72
28,3082,2005,16.5,8,70
28,3082,2006,16.899999618530273,18,69
28,3082,2007,17.0,18,67
28,3082,2008,15.800000190734863,22,82
28,3082,2009,16.200000762939453,16,61
28,3082,2010,16.399999618530273,59,80
28,3082,2011,16.5,37,62
28,3082,2012,17.200000762939453,7,59
28,3083,1962,15.199999809265137,99,69
28,3083,1963,15.199999809265137,181,73
28,3083,1964,15.399999618530273,49,65
28,3083,1965,15.800000190734863,54,63
28,3083,1966,14.899999618530273,98,55
28,3083,1967,15.800000190734863,34,70
28,3083,1968,15.199999809265137,67,74
28,3083,1969,15.5,23,69
28,3083,1970,15.800000190734863,90,57
28,3083,1971,16.200000762939453,49,46
28,3083,1972,15.699999809265137,46,54
28,3083,1973,16.399999618530273,51,43
28,3083,1974,15.800000190734863,26,41
28,3083,1975,15.800000190734863,30,53
28,3083,1976,14.899999618530273,57,69
28,3083,1977,16.100000381469727,138,62
28,3083,1978,15.300000190734863,130,62
28,3083,1979,14.600000381469727,114,79
28,3083,1980,15.399999618530273,77,69
28,3083,1981,15.300000190734863,79,89
28,3083,1982,15.100000381469727,107,73
28,3083,1983,14.699999809265137,96,67
28,3083,1984,15.399999618530273,58,74
28,3083,1985,15.399999618530273,176,67
28,3083,1986,16.299999237060547,37,63
28,3083,1987,16.5,9,63
28,3083,1988,15.899999618530273,79,66
28,3083,1989,15.5,119,59
28,3083,1990,17.100000381469727,14,40
28,3083,1991,16.5,20,61
28,3083,1992,15.5,14,57
28,3083,1993,15.5,19,74
28,3083,1994,15.899999618530273,55,56
28,3083,1995,15.899999618530273,51,73
28,3083,1996,15.600000381469727,103,66
28,3083,1997,15.399999618530273,52,56
28,3083,1998,17.5,22,46
28,3083,1999,17.0,28,56
28,3083,2000,16.399999618530273,72,72
28,3083,2001,16.0,41,65
28,3083,2002,16.299999237060547,28,68
28,3083,2003,16.0,39,70
28,3083,2004,16.399999618530273,45,61
28,3083,2005,16.600000381469727,18,63
28,3083,2006,16.799999237060547,26,66
28,3083,2007,17.0,26,71
28,3083,2008,15.699999809265137,36,80
28,3083,2009,15.800000190734863,31,58
28,3083,2010,16.399999618530273,93,72
28,3083,2011,16.700000762939453,56,54
28,3083,2012,17.299999237060547,11,54
28,3083,2013,15.399999618530273,19,77
28,3083,2014,14.899999618530273,102,86
28,3083,2015,16.5,65,58
28,3083,2016,17.200000762939453,25,59
28,3083,2017,17.399999618530273,30,43
28,3083,2018,16.600000381469727,70,53
28,3083,2019,16.899999618530273,13,55
28,3083,2020,16.799999237060547,3,42
28,3083,2021,16.399999618530273,57,54
28,3083,2022,16.399999618530273,46,75
28,1016,1971,17.5,16,41
28,1016,1972,17.600000381469727,10,41
28,1016,1973,17.700000762939453,16,48
28,1016,1974,17.600000381469727,1,41
28,1016,1975,17.399999618530273,9,46
28,1016,1976,15.800000190734863,25,67
28,1016,1977,17.200000762939453,61,53
28,1016,1978,16.399999618530273,57,67
28,1016,1979,16.0,43,56
28,1016,1980,16.799999237060547,33,57
28,1016,1981,16.600000381469727,47,66
28,1016,1982,17.100000381469727,55,52
28,1016,1983,16.0,57,59
28,1016,1984,17.0,28,61
28,1016,1985,17.399999618530273,69,61
28,1016,1986,17.5,17,53
28,1016,1987,16.899999618530273,2,64
28,1016,1988,16.600000381469727,30,62
28,1016,1989,16.600000381469727,62,55
28,1016,1990,18.100000381469727,7,41
28,1016,1991,17.600000381469727,6,60
28,1016,1992,16.700000762939453,5,50
28,1016,1993,16.600000381469727,4,56
29,1005,1976,12.600000381469727,201,99
29,1005,1977,13.300000190734863,372,75
29,1005,1978,12.300000190734863,406,69
29,1005,1979,12.0,384,90
29,1005,1980,12.899999618530273,262,92
29,1005,1981,13.300000190734863,196,95
29,1005,1982,12.600000381469727,301,92
29,1005,1983,12.5,291,87
29,1005,1984,12.800000190734863,170,93
29,1005,1985,12.300000190734863,386,79
29,1005,1986,13.899999618530273,130,92
29,1005,1987,13.800000190734863,82,90
29,1005,1988,12.600000381469727,245,109
29,1005,1989,12.399999618530273,328,89
29,1005,1990,14.300000190734863,86,84
29,1005,1991,14.100000381469727,132,79
29,1005,1992,13.199999809265137,34,84
29,1005,1993,12.800000190734863,163,78
29,1005,1994,13.600000381469727,168,65
29,1005,1995,13.300000190734863,171,81
29,1005,1996,12.399999618530273,275,78
29,1005,1997,12.899999618530273,173,72
29,1005,1998,14.800000190734863,95,56
29,1005,1999,14.699999809265137,106,60
29,1005,2000,14.300000190734863,170,64
29,1005,2001,15.0,65,66
29,1005,2002,12.600000381469727,189,102
29,1005,2003,13.100000381469727,206,78
29,1005,2004,13.399999618530273,183,60
29,1005,2005,14.100000381469727,120,64
29,1005,2006,14.300000190734863,78,76
29,1005,2007,14.0,157,81
29,1005,2008,12.600000381469727,186,92
29,1005,2009,12.899999618530273,156,75
29,1005,2010,13.199999809265137,345,66
29,1005,2011,14.5,135,58
29,1005,2012,15.5,84,61
29,1005,2017,15.5,85,49
29,1005,2018,14.100000381469727,147,78
29,1005,2019,14.300000190734863,107,76
29,1005,2020,14.399999618530273,44,64
29,1005,2021,14.899999618530273,149,50
29,1005,2022,14.399999618530273,157,76
29,1005,1960,13.100000381469727,259,65
29,1005,1961,13.399999618530273,128,57
29,1005,1962,13.5,245,52
29,1005,1963,13.800000190734863,334,54
29,1005,1964,14.300000190734863,100,71
29,1005,1965,14.199999809265137,173,59
29,1005,1966,13.399999618530273,121,43
29,1005,1967,13.199999809265137,79,37
29,1005,1968,13.5,132,50
29,1005,1969,12.600000381469727,105,77
29,1005,1970,12.699999809265137,276,81
29,1005,1971,13.5,184,82
29,1005,1972,13.199999809265137,256,77
29,1005,1973,13.899999618530273,199,59
29,1005,1974,13.100000381469727,187,79
29,1005,1975,13.399999618530273,116,98
30,1001,1953,9.0,245,107
30,1001,1954,7.199999809265137,674,92
30,1001,1955,5.699999809265137,983,84
30,1001,1956,7.5,635,105
30,1001,1957,7.0,743,94
30,1001,1958,8.300000190734863,521,81
30,1001,1959,7.099999904632568,627,97
30,1001,1960,7.800000190734863,644,80
30,1001,1961,8.199999809265137,462,123
30,1001,1962,7.199999809265137,793,69
30,1001,1963,8.300000190734863,678,90
30,1001,1964,7.0,764,100
30,1001,1965,6.699999809265137,755,87
30,1001,1966,7.099999904632568,786,97
30,1001,1967,7.699999809265137,640,101
30,1001,1968,6.900000095367432,654,100
30,1001,1969,6.099999904632568,1148,73
30,1001,1970,6.699999809265137,773,123
30,1001,1971,7.0,806,103
30,1001,1972,6.300000190734863,941,106
30,1001,1973,8.100000381469727,599,99
30,1001,1974,8.300000190734863,435,108
30,1001,1975,5.699999809265137,924,96
30,1001,1976,8.5,493,105
30,1001,1977,7.199999809265137,682,107
30,1001,1978,5.199999809265137,1273,75
30,1001,1979,7.0,849,106
30,1001,1980,6.900000095367432,702,121
30,1001,1981,8.0,329,127
30,1001,1982,5.199999809265137,862,133
30,1001,1983,6.800000190734863,615,136
30,1001,1984,6.699999809265137,569,135
30,1001,1985,5.5,931,110
30,1001,1986,7.699999809265137,421,130
30,1001,1987,8.600000381469727,313,122
30,1001,1988,7.900000095367432,525,117
30,1001,1989,6.0,774,116
30,1001,1990,7.300000190734863,603,127
30,1001,1991,7.5,465,138
30,1001,1992,7.699999809265137,373,145
30,1001,1993,5.5,735,128
30,1001,1994,7.699999809265137,542,125
30,1001,1995,6.800000190734863,529,127
30,1001,1996,4.900000095367432,1169,115
30,1001,1997,7.099999904632568,559,120
30,1001,1998,7.900000095367432,497,126
30,1001,1999,8.5,185,133
30,1001,2000,7.199999809265137,547,134
30,1001,2001,8.199999809265137,397,140
30,1001,2002,6.300000190734863,622,133
30,1001,2003,7.800000190734863,578,120
30,1001,2004,7.400000095367432,410,132
30,1001,2005,7.5,617,105
30,1001,2006,8.199999809265137,405,130
30,1001,2007,7.900000095367432,528,102
30,1001,2008,6.5,617,142
30,1001,2009,6.400000095367432,683,141
30,1001,2010,6.900000095367432,524,117
30,1001,2011,6.900000095367432,539,130
30,1001,2012,8.100000381469727,404,129
30,1001,1948,7.0,714,93
30,1001,1949,7.099999904632568,972,65
30,1001,1950,5.800000190734863,964,101
30,1001,1951,4.699999809265137,1098,92
30,1001,1952,7.699999809265137,608,85
34,1638,1961,11.5,255,69
34,1638,1962,11.199999809265137,239,82
34,1638,1963,11.100000381469727,297,73
34,1638,1964,12.300000190734863,116,88
34,1638,1965,11.699999809265137,168,81
34,1638,1966,11.699999809265137,191,72
34,1638,1967,11.5,147,90
34,1638,1968,12.0,226,80
34,1638,1969,11.899999618530273,134,99
34,1638,1970,12.300000190734863,200,82
34,1638,1971,12.699999809265137,145,68
34,1638,1972,11.899999618530273,118,83
34,1638,1973,13.199999809265137,104,66
34,1638,1974,12.5,83,82
34,1638,1975,12.899999618530273,69,90
34,1638,1976,12.100000381469727,178,87
34,1638,1977,12.5,284,62
34,1638,1978,11.699999809265137,250,71
34,1638,1979,12.399999618530273,232,57
34,1638,1980,12.399999618530273,191,81
34,1638,1981,12.100000381469727,188,81
34,1638,1982,12.199999809265137,206,76
34,1638,1983,12.800000190734863,138,68
34,1638,1984,12.5,159,73
34,1638,1985,12.899999618530273,179,73
34,1638,1986,12.800000190734863,113,80
34,1638,1987,12.699999809265137,103,89
34,1638,1988,12.199999809265137,176,86
34,1638,1989,12.0,206,82
34,1638,1990,13.800000190734863,30,70
34,1638,1991,13.899999618530273,50,83
34,1638,1992,12.199999809265137,70,82
34,1638,1993,12.899999618530273,111,76
34,1638,1994,13.0,181,72
34,1638,1995,13.100000381469727,135,85
34,1638,1996,12.300000190734863,175,70
34,1638,1997,12.699999809265137,72,74
34,1638,1998,14.5,31,48
34,1638,1999,13.699999809265137,67,70
34,1638,2000,12.600000381469727,150,71
34,1638,2001,13.5,51,79
34,1638,2002,13.399999618530273,33,82
34,1638,2003,13.100000381469727,140,65
34,1638,2004,13.5,154,62
34,1638,2005,13.899999618530273,132,70
34,1638,2006,14.600000381469727,19,55
34,1638,2007,13.5,137,73
34,1638,2008,13.699999809265137,66,72
34,1638,2009,13.199999809265137,124,64
34,1638,2010,14.300000190734863,101,69
34,1638,2011,14.300000190734863,83,66
34,1638,2012,14.800000190734863,29,46
35,1022,1977,10.199999809265137,230,132
35,1022,1978,10.100000381469727,245,114
35,1022,1979,9.0,355,134
35,1022,1980,10.100000381469727,111,154
35,1022,1981,10.600000381469727,91,141
35,1022,1982,8.899999618530273,254,134
35,1022,1983,9.399999618530273,189,139
35,1022,1984,9.5,198,151
35,1022,1985,9.699999809265137,263,116
35,1022,1986,10.100000381469727,94,129
35,1022,1987,9.199999809265137,318,120
35,1022,1988,9.399999618530273,336,126
35,1022,1989,10.600000381469727,215,120
35,1022,1990,9.699999809265137,350,103
35,1022,1991,9.300000190734863,258,133
35,1022,1992,9.600000381469727,289,117
35,1022,1993,9.899999618530273,111,151
35,1022,1994,10.699999809265137,161,139
35,1022,1995,10.699999809265137,114,120
35,1022,1996,10.899999618530273,145,138
35,1022,1997,9.899999618530273,237,127
35,1022,1998,10.399999618530273,147,145
35,1022,1999,10.600000381469727,98,145
35,1022,2000,11.0,136,137
35,1022,2001,10.699999809265137,221,122
35,1022,2002,10.5,189,135
35,1022,2003,11.199999809265137,103,149
35,1022,2004,10.0,209,146
35,1022,2005,10.600000381469727,102,115
35,1022,2006,9.899999618530273,150,172
35,1022,2007,10.199999809265137,354,102
35,1022,2008,9.399999618530273,362,128
35,1022,2009,10.100000381469727,242,146
35,1022,2010,9.5,394,155
35,1022,2011,9.600000381469727,353,137
35,1022,2012,10.800000190734863,212,140
35,1112,1980,16.0,40,99
35,1112,1981,16.0,15,78
35,1112,1982,15.800000190734863,60,74
35,1112,1983,15.5,82,85
35,1112,1984,15.399999618530273,21,82
35,1112,1985,15.699999809265137,63,88
35,1112,1986,16.0,37,70
35,1112,1987,15.199999809265137,57,97
35,1112,1988,15.300000190734863,30,105
35,1112,1989,16.399999618530273,66,80
35,1112,1990,16.399999618530273,20,76
35,1112,1991,15.899999618530273,8,81
35,1112,1992,15.800000190734863,13,72
35,1112,1993,16.100000381469727,10,88
35,1112,1994,17.299999237060547,8,70
35,1112,1995,16.600000381469727,15,59
35,1112,1996,17.100000381469727,42,71
35,1112,1997,16.700000762939453,54,69
35,1112,1998,17.899999618530273,14,57
35,1112,1999,17.700000762939453,3,53
35,1112,2000,17.700000762939453,12,69
35,1112,2001,17.5,10,58
35,1112,2002,16.899999618530273,5,78
35,1112,2003,18.0,2,62
35,1112,2004,16.799999237060547,24,45
35,1112,2005,17.0,13,46
35,1112,2006,17.600000381469727,2,55
35,1112,2007,16.600000381469727,17,77
35,1112,2008,17.0,4,69
35,1112,2009,17.299999237060547,7,78
35,1112,2010,17.0,10,73
35,1112,2011,18.0,66,63
35,1112,2012,18.100000381469727,0,62
35,1112,2017,18.200000762939453,10,42
35,1112,2018,17.5,21,74
35,1112,2019,17.299999237060547,5,65
35,1112,2020,18.5,7,47
35,1112,2021,18.0,44,60
35,1112,2022,17.600000381469727,17,90
35,2006,1977,9.800000190734863,312,138
35,2006,1978,9.699999809265137,269,142
35,2006,1979,8.100000381469727,423,152
35,2006,1980,9.300000190734863,108,186
35,2006,1981,9.600000381469727,121,178
35,2006,1982,7.800000190734863,333,201
35,2006,1983,8.199999809265137,279,187
35,2006,1984,8.300000190734863,267,190
35,2006,1985,8.600000381469727,328,151
35,2006,1986,9.300000190734863,124,168
35,2006,1987,8.300000190734863,365,154
35,2006,1988,8.5,392,148
35,2006,1989,9.5,291,151
35,2006,1990,8.699999809265137,421,140
35,2006,1991,8.5,310,158
35,2006,1992,8.600000381469727,366,139
35,2006,1993,8.899999618530273,156,179
35,2006,1994,9.600000381469727,208,160
35,2006,1995,9.300000190734863,159,173
35,2006,1996,9.600000381469727,202,174
35,2006,1997,8.800000190734863,307,170
35,2006,1998,9.100000381469727,192,179
35,2006,1999,9.0,160,188
35,2006,2000,9.699999809265137,199,177
35,2006,2001,9.600000381469727,301,157
35,2006,2002,9.300000190734863,274,169
35,2006,2003,10.100000381469727,133,168
35,2006,2004,8.899999618530273,265,173
35,2006,2005,9.5,158,167
35,2006,2006,9.100000381469727,238,175
35,2006,2007,9.199999809265137,383,159
35,2006,2008,8.300000190734863,373,174
35,2006,2009,9.199999809265137,290,156
35,2006,2010,9.0,331,167
35,2006,2011,8.800000190734863,401,166
35,2006,2012,10.600000381469727,206,153
37,1030,1969,14.600000381469727,17,64
37,1030,1970,15.100000381469727,60,57
37,1030,1971,15.399999618530273,35,47
37,1030,1972,15.199999809265137,19,41
37,1030,1973,15.899999618530273,43,44
37,1030,1974,15.800000190734863,0,35
37,1030,1975,15.899999618530273,7,49
37,1030,1976,14.899999618530273,26,66
37,1030,1977,15.5,86,66
37,1030,1978,14.600000381469727,54,71
37,1030,1979,14.800000190734863,54,60
37,1030,1980,15.5,55,53
37,1030,1981,15.199999809265137,54,75
37,1030,1982,15.899999618530273,30,44
37,1030,1983,16.0,36,43
37,1030,1984,16.100000381469727,18,53
37,1030,1985,16.700000762939453,39,60
37,1030,1986,16.700000762939453,16,50
37,1030,1987,15.800000190734863,7,60
37,1030,1988,15.600000381469727,27,55
37,1030,1989,16.200000762939453,35,51
37,1030,1990,17.399999618530273,3,24
37,1030,1991,17.0,3,40
37,1030,1992,16.100000381469727,0,41
37,1030,1993,16.399999618530273,9,49
37,1030,1994,16.600000381469727,34,40
37,1030,1995,16.399999618530273,20,54
37,1030,1996,15.399999618530273,42,63
37,1030,1997,15.699999809265137,15,43
37,1030,1998,16.899999618530273,2,32
37,1030,1999,16.600000381469727,7,42
37,1030,2000,15.600000381469727,29,64
37,1030,2001,16.100000381469727,6,54
37,1030,2002,16.5,4,48
37,1030,2003,16.0,28,57
37,1030,2004,16.200000762939453,27,70
37,1030,2005,16.0,22,58
37,1030,2006,16.600000381469727,4,44
37,1030,2007,16.700000762939453,7,51
37,1030,2008,16.600000381469727,8,51
37,1030,2009,16.399999618530273,22,56
37,1030,2010,16.399999618530273,32,71
37,1030,2011,16.899999618530273,9,43
37,1030,2012,16.899999618530273,2,29
37,1030,2017,16.5,29,32
37,1030,2018,16.100000381469727,58,47
37,1030,2019,16.600000381469727,11,33
37,1030,2020,16.799999237060547,1,27
37,1030,2021,16.200000762939453,1,35
37,1030,2022,15.899999618530273,23,57
40,1015,1959,15.5,89,79
40,1015,1960,15.399999618530273,113,77
40,1015,1961,15.399999618530273,70,73
40,1015,1962,16.299999237060547,120,74
40,1015,1963,16.600000381469727,181,83
40,1015,1964,16.200000762939453,52,81
40,1015,1965,16.700000762939453,44,71
40,1015,1966,15.600000381469727,128,62
40,1015,1967,15.899999618530273,36,67
40,1015,1968,14.5,91,87
40,1015,1969,14.899999618530273,61,92
40,1015,1970,14.800000190734863,119,92
40,1015,1971,15.199999809265137,71,87
40,1015,1972,15.0,148,75
40,1015,1973,14.800000190734863,123,64
40,1015,1974,15.199999809265137,111,65
40,1015,1975,15.100000381469727,44,77
40,1015,1976,15.699999809265137,69,77
40,1015,1977,16.899999618530273,94,67
40,1015,1978,16.600000381469727,170,65
40,4165,1978,14.0,342,83
40,4165,1979,13.5,351,79
40,4165,1980,15.5,135,81
40,4165,1981,15.800000190734863,69,79
40,4165,1982,14.5,214,93
40,4165,1983,14.199999809265137,229,81
40,4165,1984,14.899999618530273,101,87
40,4165,1985,14.399999618530273,221,79
40,4165,1986,15.699999809265137,78,76
40,4165,1987,15.0,115,65
40,4165,1988,14.5,167,90
40,4165,1989,13.899999618530273,247,92
40,4165,1990,15.399999618530273,120,73
40,4165,1991,15.399999618530273,93,84
40,4165,1992,14.800000190734863,29,72
40,4165,1993,13.800000190734863,130,101
40,4165,1994,15.300000190734863,96,88
40,4165,1995,14.699999809265137,98,85
40,4165,1996,14.600000381469727,194,89
40,4165,1997,14.699999809265137,97,89
40,4165,1998,16.299999237060547,84,69
40,4165,1999,15.5,55,83
40,4165,2000,15.0,143,96
40,4165,2001,15.699999809265137,92,78
40,4165,2002,14.600000381469727,112,94
40,4165,2003,14.800000190734863,134,90
40,4165,2004,15.0,122,76
40,4165,2005,15.199999809265137,122,80
40,4165,2006,16.299999237060547,57,80
40,4165,2007,15.0,162,82
40,4165,2008,14.5,113,96
40,4165,2009,14.600000381469727,119,90
40,1015,1979,16.0,152,60
40,1015,1980,17.399999618530273,64,62
40,1015,1981,16.899999618530273,32,49
40,1015,1982,17.100000381469727,75,57
40,1015,1983,16.200000762939453,143,58
40,1015,1984,17.100000381469727,54,55
40,1015,1985,16.700000762939453,129,62
40,1015,1986,17.700000762939453,36,53
40,1015,1987,17.100000381469727,23,55
40,1015,1988,16.899999618530273,78,56
40,1015,1989,16.100000381469727,144,67
40,1015,1990,17.600000381469727,55,44
40,1015,1991,17.100000381469727,21,61
40,1015,1992,16.700000762939453,8,41
40,1015,1993,16.200000762939453,28,63
40,1015,1994,16.799999237060547,41,57
40,1015,1995,16.799999237060547,31,59
40,1015,1996,16.399999618530273,106,59
40,1015,1997,15.699999809265137,54,59
40,1015,1998,17.200000762939453,45,65
40,1015,1999,16.700000762939453,32,49
40,1015,2000,15.800000190734863,80,79
40,1015,2001,16.100000381469727,64,60
40,1015,2002,15.5,64,83
40,1015,2003,15.800000190734863,71,77
40,1015,2004,15.899999618530273,70,59
40,1015,2005,16.299999237060547,58,62
40,1015,2006,17.600000381469727,49,63
40,1015,2007,16.5,60,67
40,1015,2008,15.899999618530273,59,88
40,1015,2009,15.800000190734863,59,77
40,1015,2010,16.399999618530273,75,72
40,1015,2011,17.299999237060547,112,74
40,1015,2012,18.100000381469727,25,59
40,1015,2017,16.700000762939453,59,43
40,1015,2018,15.5,91,76
40,1015,2019,15.399999618530273,63,69
40,1015,2020,15.800000190734863,18,59
40,1015,2021,16.0,129,50
40,1015,2022,16.200000762939453,102,81
40,1017,1970,16.399999618530273,81,56
40,1017,1971,16.5,39,53
40,1017,1972,16.299999237060547,58,58
40,1017,1973,16.5,49,50
40,1017,1974,16.799999237060547,45,47
40,1017,1975,16.299999237060547,26,56
40,1017,1976,15.800000190734863,50,66
40,1017,1977,17.100000381469727,95,62
40,1017,1978,16.399999618530273,143,60
40,1017,1979,15.600000381469727,147,59
40,1017,1980,16.600000381469727,80,65
40,1017,1981,16.5,45,64
40,1017,1982,16.200000762939453,95,59
40,1017,1983,15.600000381469727,152,52
40,4165,2010,15.100000381469727,129,94
40,4165,2011,15.399999618530273,173,93
40,4165,2012,16.299999237060547,64,85
40,1017,1984,16.299999237060547,63,51
40,1017,1985,15.899999618530273,158,63
40,1017,1986,16.799999237060547,48,58
40,1017,1987,16.600000381469727,16,59
40,1017,1988,16.200000762939453,95,62
40,1017,1989,15.399999618530273,172,64
40,1017,1990,17.0,64,44
40,1017,1991,16.700000762939453,28,65
40,1017,1992,16.0,6,53
40,1017,1993,15.600000381469727,36,65
40,1017,1994,16.200000762939453,53,57
40,1017,1995,16.200000762939453,36,61
40,1017,1996,15.699999809265137,130,61
40,1017,1997,15.800000190734863,68,52
40,1017,1998,17.399999618530273,34,49
40,1017,1999,16.899999618530273,35,41
40,1017,2000,16.100000381469727,95,64
40,1017,2001,16.399999618530273,53,65
40,1017,2002,15.5,70,89
40,1017,2003,15.800000190734863,62,76
40,1017,2004,15.800000190734863,70,65
40,1017,2005,16.299999237060547,64,78
40,1017,2006,17.0,49,60
40,1017,2007,16.299999237060547,74,60
40,1017,2008,15.5,74,89
40,1017,2009,15.600000381469727,65,67
40,1017,2010,16.399999618530273,99,62
40,1017,2011,16.5,145,64
40,1017,2012,17.700000762939453,32,70
40,1017,2017,17.200000762939453,42,46
40,1017,2018,16.299999237060547,82,71
40,1017,2019,15.899999618530273,60,68
40,1017,2020,16.5,11,51
40,1017,2021,16.799999237060547,119,46
40,1017,2022,16.299999237060547,107,80
45,1008,1966,15.100000381469727,21,60
45,1008,1967,15.300000190734863,8,49
45,1008,1968,15.0,24,80
45,1008,1969,15.0,12,70
45,1008,1970,15.399999618530273,62,75
45,1008,1971,15.300000190734863,19,72
45,1008,1972,15.199999809265137,15,66
45,1008,1973,15.399999618530273,23,68
45,1008,1974,15.5,2,68
45,1008,1975,15.600000381469727,7,68
45,1008,1976,14.300000190734863,32,85
45,1008,1977,15.0,77,83
45,1008,1978,14.5,46,82
45,1008,1979,14.600000381469727,22,79
45,1008,1980,14.600000381469727,43,86
45,1008,1981,13.899999618530273,76,100
45,1008,1982,15.0,42,57
45,1008,1983,14.399999618530273,45,71
45,1008,1984,15.0,19,78
45,1008,1985,15.199999809265137,42,72
45,1008,1986,15.800000190734863,18,70
45,1008,1987,15.100000381469727,6,78
45,1008,1988,14.300000190734863,41,85
45,1008,1989,15.0,28,58
45,1008,1990,16.299999237060547,1,53
45,1008,1991,15.800000190734863,11,60
45,1008,1992,15.0,4,70
45,1008,1993,15.5,9,72
45,1008,1994,15.5,39,55
45,1008,1995,15.5,18,65
45,1008,1996,15.100000381469727,30,76
45,1008,1997,15.199999809265137,8,58
45,1008,1998,16.700000762939453,3,44
45,1008,1999,16.299999237060547,14,67
45,1008,2000,15.399999618530273,37,81
45,1008,2001,15.300000190734863,13,65
45,1008,2002,15.399999618530273,16,92
45,1008,2003,14.800000190734863,24,74
45,1008,2004,15.199999809265137,11,84
45,1008,2005,15.100000381469727,16,81
45,1008,2006,15.600000381469727,2,73
45,1008,2007,16.100000381469727,2,75
45,1008,2008,15.100000381469727,31,89
45,1008,2009,15.100000381469727,31,81
45,1008,2010,15.199999809265137,63,90
45,1008,2011,16.100000381469727,22,78
45,1008,2012,16.5,5,68
45,1008,2017,17.399999618530273,5,30
45,1008,2018,16.799999237060547,23,39
45,1008,2019,17.5,0,27
45,1008,2020,16.700000762939453,6,36
45,1008,2021,16.600000381469727,0,40
45,1008,2022,16.5,23,52
47,3075,1970,13.5,188,76
47,3075,1971,14.0,132,76
47,3075,1972,13.699999809265137,79,79
47,3075,1973,14.300000190734863,109,70
47,3075,1974,13.899999618530273,29,82
47,3075,1975,14.100000381469727,66,81
47,3075,1976,12.5,120,103
47,3075,1977,13.600000381469727,277,76
47,3075,1978,13.100000381469727,226,75
47,3075,1979,12.899999618530273,179,89
47,3075,1980,13.699999809265137,133,99
47,3075,1981,13.300000190734863,161,89
47,3075,1982,13.899999618530273,134,84
47,3075,1983,13.199999809265137,117,90
47,3075,1984,13.699999809265137,108,92
47,3075,1985,13.600000381469727,246,69
47,3075,1986,14.399999618530273,75,79
47,3075,1987,14.100000381469727,40,90
47,3075,1988,13.399999618530273,124,89
47,3075,1989,13.300000190734863,150,81
47,3075,1990,14.800000190734863,25,73
47,3075,1991,14.699999809265137,54,78
47,3075,1992,13.399999618530273,37,86
47,3075,1993,13.399999618530273,70,95
47,3075,1994,13.600000381469727,127,78
47,3075,1995,13.5,161,84
47,3075,1996,13.199999809265137,166,89
47,3075,1997,13.399999618530273,85,79
47,3075,1998,15.300000190734863,32,62
47,3075,1999,15.399999618530273,40,75
47,3075,2000,14.600000381469727,107,77
47,3075,2001,14.600000381469727,57,82
47,3075,2002,15.300000190734863,52,74
47,3075,2003,14.699999809265137,91,68
47,3075,2004,15.100000381469727,59,73
47,3075,2005,15.199999809265137,40,66
47,3075,2006,14.899999618530273,31,71
47,3075,2007,15.5,71,71
47,3075,2008,13.600000381469727,84,85
47,3075,2009,14.0,134,64
47,3075,2010,14.5,176,59
47,3075,2011,15.0,69,58
47,3075,2012,15.800000190734863,22,60
48,3559,1989,19.100000381469727,56,18
48,3559,1990,20.700000762939453,19,6
48,3559,1991,19.899999618530273,4,9
48,3559,1992,19.700000762939453,0,6
48,3559,1993,19.299999237060547,0,16
48,3559,1994,19.899999618530273,1,16
48,3559,1995,19.899999618530273,0,17
48,3559,1996,19.899999618530273,23,27
48,3559,1997,19.100000381469727,7,19
48,3559,1998,20.799999237060547,2,9
48,3559,1999,20.700000762939453,3,12
48,3559,2000,20.200000762939453,1,19
48,3559,2001,19.5,4,15
48,3559,2002,19.399999618530273,1,23
48,3559,2003,19.799999237060547,0,11
48,3559,2004,20.200000762939453,2,10
48,3559,2005,20.200000762939453,3,7
48,3559,2006,20.399999618530273,0,15
48,3559,2007,20.100000381469727,5,15
48,3559,2008,20.0,1,12
48,3559,2009,20.399999618530273,0,14
48,3559,2010,20.799999237060547,7,12
48,3559,2011,20.600000381469727,25,22
48,3559,2012,20.5,0,13
48,3559,2017,20.399999618530273,5,17
48,3559,2018,19.799999237060547,8,26
48,3559,2019,19.899999618530273,0,20
48,3559,2020,20.399999618530273,0,17
48,3559,2021,20.100000381469727,33,13
48,3559,2022,20.200000762939453,17,41
48,3609,1962,15.699999809265137,75,80
48,3609,1963,15.899999618530273,158,81
48,3609,1964,15.699999809265137,57,88
48,3609,1965,16.5,31,72
48,3609,1966,15.899999618530273,111,84
48,3609,1967,15.100000381469727,51,86
48,3609,1968,14.100000381469727,60,84
48,3609,1969,15.5,37,81
48,3609,1970,15.300000190734863,43,96
48,3609,1971,15.699999809265137,73,68
48,3609,1972,15.100000381469727,82,93
48,3609,1973,14.800000190734863,86,75
48,3609,1974,16.399999618530273,62,74
48,3609,1975,15.5,33,96
48,3609,1976,15.399999618530273,65,89
48,3609,1977,16.899999618530273,68,72
48,3609,1978,15.800000190734863,154,81
48,3609,1979,15.199999809265137,132,77
48,3609,1980,16.5,80,68
48,3609,1981,16.899999618530273,20,62
48,3609,1982,16.200000762939453,86,74
48,3609,1983,15.800000190734863,155,72
48,3609,1984,16.100000381469727,37,76
48,3609,1985,16.0,104,72
48,3609,1986,17.0,47,62
48,3609,1987,15.699999809265137,58,75
48,3609,1988,15.899999618530273,73,88
48,3609,1989,16.0,144,76
48,3609,1990,16.5,60,64
48,3609,1991,16.0,32,74
48,3609,1992,16.0,24,62
48,3609,1993,15.699999809265137,47,95
48,3609,1994,16.799999237060547,27,73
48,3609,1995,16.299999237060547,34,67
48,3609,1996,16.299999237060547,108,81
48,3609,1997,15.300000190734863,60,88
48,3609,1998,17.600000381469727,33,68
48,3609,1999,17.0,9,74
48,3609,2000,16.899999618530273,36,84
48,3609,2001,16.799999237060547,28,72
48,3609,2002,16.100000381469727,26,82
48,3609,2003,16.799999237060547,34,84
48,3609,2004,16.299999237060547,47,58
48,3609,2005,16.399999618530273,35,57
48,3609,2006,17.299999237060547,23,68
48,3609,2007,15.699999809265137,55,82
48,3609,2008,16.299999237060547,35,88
48,3609,2009,16.299999237060547,51,93
48,3609,2010,16.200000762939453,43,89
48,3609,2011,17.5,85,84
48,3609,2012,18.100000381469727,20,72
48,3609,2017,16.600000381469727,38,60
48,3609,2018,16.100000381469727,66,96
48,3609,2019,15.800000190734863,41,86
48,3609,2020,16.5,20,83
48,3609,2021,16.200000762939453,112,60
48,3609,2022,16.399999618530273,93,93
48,3559,1966,20.399999618530273,9,18
48,3559,1967,20.399999618530273,0,22
48,3559,1968,18.5,3,20
48,3559,1969,20.299999237060547,0,20
48,3559,1970,19.299999237060547,5,26
48,3559,1971,20.0,4,19
48,3559,1972,19.299999237060547,7,27
48,3559,1973,19.100000381469727,16,19
48,3559,1974,19.700000762939453,2,17
48,3559,1975,19.600000381469727,2,19
48,3559,1976,18.600000381469727,12,21
48,3559,1977,19.799999237060547,15,25
48,3559,1978,19.299999237060547,18,49
48,3559,1979,18.5,22,30
48,3559,1980,19.899999618530273,5,21
48,3559,1981,19.799999237060547,4,14
48,3559,1982,19.799999237060547,22,18
48,3559,1983,18.600000381469727,49,16
48,3559,1984,20.0,10,16
48,3559,1985,19.799999237060547,28,30
48,3559,1986,20.200000762939453,0,8
48,3559,1987,19.600000381469727,0,15
48,3559,1988,19.700000762939453,7,20
48,1060,1980,21.299999237060547,0,10
48,1060,1981,21.5,0,5
48,1060,1982,21.700000762939453,4,10
48,1060,1983,20.600000381469727,17,8
48,1060,1984,21.899999618530273,0,5
48,1060,1985,21.5,5,16
48,1060,1986,21.899999618530273,0,1
48,1060,1987,21.200000762939453,0,4
48,1060,1988,21.700000762939453,0,11
48,1060,1989,21.5,16,17
48,1060,1990,22.299999237060547,1,7
48,1060,1991,21.899999618530273,0,3
48,1060,1992,21.700000762939453,0,3
48,1060,1993,21.5,0,5
48,1060,1994,22.200000762939453,0,4
48,1060,1995,22.100000381469727,0,2
48,1060,1996,22.100000381469727,0,16
48,1060,1997,21.299999237060547,0,10
48,1060,1998,22.600000381469727,0,2
48,1060,1999,22.200000762939453,0,4
48,1060,2000,22.200000762939453,0,5
48,1060,2001,21.399999618530273,0,3
48,1060,2002,21.5,0,10
48,1060,2003,21.299999237060547,0,9
48,1060,2004,21.600000381469727,0,6
48,1060,2005,21.700000762939453,0,2
48,1060,2006,22.0,0,4
48,1060,2007,21.0,0,9
48,1060,2008,21.5,0,7
48,1060,2009,21.799999237060547,0,15
48,1060,2010,20.700000762939453,2,14
48,1060,2011,21.799999237060547,4,17
48,1060,2012,22.100000381469727,0,7
48,1049,1972,18.799999237060547,4,39
48,1049,1973,18.600000381469727,14,27
48,1049,1974,19.200000762939453,2,22
48,1049,1975,18.899999618530273,3,29
48,1049,1976,17.899999618530273,11,33
48,1049,1977,18.899999618530273,16,34
48,1049,1978,17.899999618530273,34,50
48,1049,1979,17.5,28,42
48,1049,1980,18.600000381469727,14,28
48,1049,1981,18.5,5,27
48,1049,1982,18.600000381469727,31,26
48,1049,1983,17.299999237060547,59,25
48,1049,1984,18.899999618530273,12,28
48,1049,1985,18.700000762939453,34,33
48,1049,1986,19.100000381469727,1,17
48,1049,1987,18.600000381469727,0,28
48,1049,1988,18.5,18,26
48,1049,1989,18.0,56,41
48,1049,1990,19.399999618530273,17,26
48,1049,1991,18.899999618530273,4,32
48,1049,1992,18.100000381469727,0,29
48,1049,1993,18.299999237060547,1,38
48,1049,1994,18.799999237060547,1,38
48,1049,1995,19.100000381469727,0,36
48,1049,1996,19.700000762939453,17,43
48,1049,1997,18.700000762939453,3,33
48,1049,1998,20.899999618530273,3,22
48,1049,1999,20.5,6,36
48,1049,2000,20.0,1,33
48,1049,2001,19.0,6,36
48,1049,2002,19.299999237060547,6,43
48,1049,2003,19.600000381469727,1,40
48,1049,2004,19.600000381469727,2,33
48,1049,2005,19.600000381469727,2,33
48,1049,2006,19.399999618530273,2,44
48,1049,2007,19.0,4,33
48,1049,2008,18.399999618530273,2,51
48,1049,2009,18.799999237060547,2,38
48,1049,2010,18.899999618530273,9,48
48,1049,2011,19.799999237060547,18,38
48,1049,2012,19.799999237060547,1,44
50,1002,1963,5.599999904632568,1015,101
50,1002,1964,6.0,743,123
50,1002,1965,5.300000190734863,848,132
50,1002,1966,6.199999809265137,780,116
50,1002,1967,5.800000190734863,854,110
50,1002,1968,5.400000095367432,1113,90
50,1002,1969,5.800000190734863,892,95
50,1002,1970,5.699999809265137,1121,85
50,1002,1971,6.300000190734863,922,98
50,1002,1972,5.5,872,115
50,1002,1973,7.599999904632568,637,106
50,1002,1974,6.400000095367432,736,110
50,1002,1975,7.199999809265137,729,101
50,1002,1976,6.0,939,101
50,1002,1977,6.900000095367432,792,83
50,1002,1978,6.0,960,94
50,1002,1979,7.099999904632568,771,96
50,1002,1980,6.900000095367432,804,88
50,1002,1981,6.699999809265137,718,101
50,1002,1982,6.0,920,91
50,1002,1983,6.800000190734863,675,123
50,1002,1984,6.599999904632568,715,98
50,1002,1985,6.199999809265137,827,83
50,1002,1986,6.699999809265137,702,103
50,1002,1987,6.699999809265137,765,99
50,1002,1988,6.300000190734863,784,104
50,1002,1989,5.900000095367432,1034,86
50,1002,1990,7.800000190734863,458,114
50,1002,1991,7.400000095367432,661,97
50,1002,1992,5.800000190734863,769,115
50,1002,1993,5.900000095367432,910,101
50,1002,1994,6.099999904632568,987,92
50,1002,1995,7.0,742,94
50,1002,1996,7.400000095367432,715,101
50,1002,1997,5.699999809265137,705,130
50,1002,1998,7.800000190734863,479,115
50,1002,1999,7.800000190734863,621,112
50,1002,2000,6.300000190734863,804,96
50,1002,2001,7.5,582,119
50,1002,2002,7.099999904632568,548,142
50,1002,2003,6.0,1002,97
50,1002,2004,6.199999809265137,896,111
50,1002,2005,7.5,780,95
50,1002,2006,8.800000190734863,377,102
50,1002,2007,6.900000095367432,877,94
50,1002,2008,7.300000190734863,662,103
50,1002,2009,6.699999809265137,755,93
50,1002,2010,8.199999809265137,519,102
50,1002,2011,7.900000095367432,640,91
50,1002,2012,8.899999618530273,366,115
50,1002,2017,8.100000381469727,591,89
50,1002,2018,7.900000095367432,650,102
50,1002,2019,7.0,785,95
50,1002,2020,8.5,443,123
50,1002,2021,8.600000381469727,570,92
50,1002,2022,7.800000190734863,757,94
53,1501,1964,9.699999809265137,238,82
53,1501,1965,10.899999618530273,182,64
53,1501,1966,10.899999618530273,129,68
53,1501,1967,11.699999809265137,101,81
53,1501,1968,10.199999809265137,248,67
53,1501,1969,9.600000381469727,465,65
53,1501,1970,10.199999809265137,295,68
53,1501,1971,9.899999618530273,300,85
53,1501,1972,9.800000190734863,389,66
53,1501,1973,10.600000381469727,199,69
53,1501,1974,10.899999618530273,183,63
53,1501,1975,9.899999618530273,208,96
53,1501,1976,10.100000381469727,160,81
53,1501,1977,10.5,265,45
53,1501,1978,10.199999809265137,244,71
53,1501,1979,10.699999809265137,372,59
53,1501,1980,8.600000381469727,364,101
53,1501,1981,9.5,166,90
53,1501,1982,8.300000190734863,413,111
53,1501,1983,8.699999809265137,325,85
53,1501,1984,8.0,396,102
53,1501,1985,7.599999904632568,751,72
53,1501,1986,9.600000381469727,253,76
53,1501,1987,10.5,235,74
53,1501,1988,9.899999618530273,293,80
53,1501,1989,9.5,314,86
53,1501,1990,10.100000381469727,287,83
53,1501,1991,9.800000190734863,187,82
53,1501,1992,10.5,244,61
53,1501,1993,8.600000381469727,424,76
53,1501,1994,11.0,152,93
53,1501,1995,9.899999618530273,194,83
53,1501,1996,8.399999618530273,484,82
53,1501,1997,8.899999618530273,230,115
53,1501,1998,10.5,215,90
53,1501,1999,9.800000190734863,68,117
53,1501,2000,8.699999809265137,355,89
53,1501,2001,9.300000190734863,205,99
53,1501,2002,9.100000381469727,178,119
53,1501,2003,10.0,194,104
53,1501,2004,10.800000190734863,148,102
53,1501,2005,9.800000190734863,307,73
53,1501,2006,9.899999618530273,234,100
53,1501,2007,9.399999618530273,325,73
53,1501,2008,8.600000381469727,420,97
53,1501,2009,9.100000381469727,346,81
53,1501,2010,9.399999618530273,194,76
53,1501,2011,8.100000381469727,308,116
53,1501,2012,9.199999809265137,211,108
56,2018,1980,7.699999809265137,557,147
56,2018,1981,9.199999809265137,292,149
56,2018,1982,6.900000095367432,647,137
56,2018,1983,6.900000095367432,641,154
56,2018,1984,6.699999809265137,534,169
56,2018,1985,5.800000190734863,943,138
56,2018,1986,8.100000381469727,379,155
56,2018,1987,7.800000190734863,550,141
56,2018,1988,8.100000381469727,610,136
56,2018,1989,7.199999809265137,749,124
56,2018,1990,7.599999904632568,594,146
56,2018,1991,7.5,531,154
56,2018,1992,8.100000381469727,443,146
56,2018,1993,5.900000095367432,747,129
56,2018,1994,8.600000381469727,438,139
56,2018,1995,7.300000190734863,473,147
56,2018,1996,6.699999809265137,722,148
56,2018,1997,6.800000190734863,762,126
56,2018,1998,8.100000381469727,481,134
56,2018,1999,8.300000190734863,268,183
56,2018,2000,7.099999904632568,688,142
56,2018,2001,7.900000095367432,614,131
56,2018,2002,6.900000095367432,640,158
56,2018,2003,7.800000190734863,533,139
56,2018,2004,7.5,432,145
56,2018,2005,8.0,445,147
56,2018,2006,8.199999809265137,458,149
56,2018,2007,7.900000095367432,670,119
56,2018,2008,6.599999904632568,623,151
56,2018,2009,6.5,643,156
56,2018,2010,7.5,454,159
56,2018,2011,6.599999904632568,648,140
56,2018,2012,8.899999618530273,446,123
56,2018,2017,7.800000190734863,505,134
56,2018,2018,7.5,500,159
56,2018,2019,6.300000190734863,683,143
56,2018,2020,7.599999904632568,538,149
56,2018,2021,8.0,530,137
56,2018,2022,6.900000095367432,694,147
85,1801,1980,4.599999904632568,449,95
85,1801,1981,6.300000190734863,243,100
85,1801,1982,4.699999809265137,521,105
85,1801,1983,5.900000095367432,374,85
85,1801,1984,5.599999904632568,425,102
85,1801,1985,4.099999904632568,623,109
85,1801,1986,4.599999904632568,492,116
85,1801,1987,5.099999904632568,489,78
85,1801,1988,5.699999809265137,418,99
85,1801,1989,5.099999904632568,637,93
85,1801,1990,5.199999809265137,595,99
85,1801,1991,4.300000190734863,580,104
85,1801,1992,4.0,646,102
85,1801,1993,4.300000190734863,602,93
85,1801,1994,5.199999809265137,611,100
85,1801,1995,4.900000095367432,492,88
85,1801,1996,5.800000190734863,356,98
85,1801,1997,4.900000095367432,509,97
85,1801,1998,6.199999809265137,322,103
85,1801,1999,7.199999809265137,220,103
85,1801,2000,6.300000190734863,303,110
85,1801,2001,5.800000190734863,403,94
85,1801,2002,5.599999904632568,433,104
85,1801,2003,6.599999904632568,475,81
85,1801,2004,6.400000095367432,277,100
85,1801,2005,6.699999809265137,308,93
85,1801,2006,7.699999809265137,233,87
85,1801,2007,5.800000190734863,429,86
85,1801,2008,3.4000000953674316,441,95
85,1801,2009,5.800000190734863,374,99
85,1801,2010,6.5,231,74
85,1801,2011,5.599999904632568,344,102
85,1801,2012,-2.700000047683716,258,41
85,1808,1980,4.5,627,72
85,1808,1981,6.199999809265137,343,102
85,1808,1982,3.9000000953674316,825,88
85,1808,1983,5.800000190734863,529,80
85,1808,1984,5.0,633,101
85,1808,1985,3.5999999046325684,813,81
85,1808,1986,4.099999904632568,745,89
85,1808,1987,5.0,668,74
85,1808,1988,4.900000095367432,650,84
85,1808,1989,4.400000095367432,876,81
85,1808,1990,4.199999809265137,901,101
85,1808,1991,3.5,858,95
85,1808,1992,2.700000047683716,1037,91
85,1808,1993,3.700000047683716,933,92
85,1808,1994,4.0,883,97
85,1808,1995,4.5,749,78
85,1808,1996,5.199999809265137,547,99
85,1808,1997,3.9000000953674316,782,90
85,1808,1998,5.599999904632568,503,103
85,1808,1999,6.300000190734863,402,100
85,1808,2000,5.400000095367432,505,90
85,1808,2001,5.300000190734863,581,112
85,1808,2002,4.099999904632568,664,91
85,1808,2003,5.0,783,72
85,1808,2004,4.900000095367432,570,89
85,1808,2005,5.5,571,93
85,1808,2006,6.5,398,79
85,1808,2007,4.900000095367432,664,81
85,1808,2008,5.099999904632568,612,77
85,1808,2009,5.199999809265137,563,90
85,1808,2010,6.5,274,84
85,1808,2011,5.699999809265137,440,90
85,1808,2012,6.900000095367432,439,81
85,1808,2013,5.5,559,88
85,1808,2014,5.199999809265137,738,91
85,1808,2015,4.300000190734863,801,93
85,1808,2016,5.199999809265137,552,90
85,1808,2017,5.599999904632568,385,81
