STATE_CODE,SHRP_ID,CONSTRUCTION_NO,YEAR,AADTT_ALL_TRUCKS_TREND
1,4125,1,1977,431
1,4125,1,1981,523
1,4125,1,1972,410
1,4125,1,1974,444
1,4125,1,1975,247
1,4125,1,1978,512
1,4125,1,1973,427
1,4125,1,1976,404
1,4125,1,1980,535
1,4125,1,1979,548
1,1021,1,1994,346
1,4125,1,1987,842
1,4125,1,1989,936
1,4126,1,1989,2416
1,4125,1,1990,636
1,4125,1,1982,536
1,4125,1,1985,703
1,1021,1,1989,359
1,4125,1,1984,680
1,1021,1,1988,365
1,4126,1,1990,2396
1,1021,1,1986,248
1,1021,1,1987,332
1,1021,1,1990,289
1,4125,1,1983,617
1,1021,1,1985,192
1,4125,1,1986,852
1,4125,1,1988,962
1,4126,1,1988,2191
1,1021,1,1993,307
1,4125,1,1994,709
1,4126,1,1994,2696
1,1021,1,1992,307
1,1021,1,1991,298
1,4125,1,1993,701
1,4126,1,1993,2360
1,4125,1,1991,655
1,4126,1,1991,2467
1,1021,1,1996,345
1,4125,1,1992,674
1,4126,1,1992,2541
1,4125,1,1998,805
1,4126,1,1998,3035
1,4125,1,1995,737
1,4126,1,1995,2777
1,1021,1,1997,355
1,1021,1,1998,366
1,4125,1,1996,759
1,4126,1,1996,2860
1,1021,1,1995,323
1,4125,1,1997,782
1,4126,1,1997,2946
1,4125,1,2002,906
1,1021,1,2000,388
1,4125,1,2001,880
1,4125,1,1999,829
1,4126,1,1999,3126
1,4125,1,2000,854
1,4126,1,2000,3219
1,1021,1,1999,377
1,4125,1,2003,933
1,4125,1,2004,961
1,4125,1,2005,990
5,3048,1,1981,49
5,3048,1,1990,77
5,3048,1,1982,81
5,3048,1,1985,60
5,3048,1,1984,54
5,3048,1,1983,36
5,3048,1,1988,69
5,3048,1,1987,60
5,3048,1,1989,76
5,3048,1,1986,63
5,3048,1,1995,92
5,3048,1,1994,92
5,3048,1,1993,87
5,3048,1,1992,82
5,3048,1,1991,81
5,3048,1,1996,86
5,3048,1,1997,117
5,3048,1,1998,54
5,3048,1,2001,193
5,3048,1,1999,151
5,3048,1,2002,144
5,3048,1,2000,147
5,3048,1,2003,153
5,3048,1,2004,124
6,8151,1,1977,408
6,8201,1,1977,42
6,1253,1,1978,65
6,2004,1,1978,737
6,2647,1,1978,336
6,1253,1,1972,52
6,1253,1,1973,52
6,1253,1,1974,52
6,1253,1,1976,54
6,1253,1,1975,52
6,8151,1,1981,527
6,8201,1,1981,47
6,1253,1,1980,63
6,2004,1,1980,916
6,2647,1,1980,336
6,8201,1,1972,11
6,2004,1,1976,558
6,2647,1,1976,284
6,8151,1,1973,357
6,8201,1,1973,13
6,8151,1,1974,362
6,8201,1,1974,14
6,1253,1,1971,44
6,8151,1,1975,372
6,8201,1,1975,40
6,1253,1,1979,61
6,2004,1,1979,827
6,2647,1,1979,336
6,8151,1,1978,481
6,8201,1,1978,43
6,8151,1,1980,621
6,8201,1,1980,43
6,8151,1,1976,422
6,8201,1,1976,42
6,8201,1,1971,17
6,1253,1,1977,60
6,2004,1,1977,648
6,2647,1,1977,307
6,8151,1,1979,536
6,8201,1,1979,45
6,1253,1,1970,41
6,1253,1,1981,68
6,2004,1,1981,1006
6,2647,1,1981,329
6,1253,1,1982,68
6,1253,1,1994,160
6,2004,1,1994,3430
6,2647,1,1994,530
6,1253,1,1985,112
6,2004,1,1985,636
6,2647,1,1985,362
6,2004,1,1982,1095
6,2647,1,1982,329
6,8151,1,1989,2361
6,8201,1,1989,310
6,1253,1,1984,105
6,8151,1,1986,1687
6,8201,1,1986,126
6,8151,1,1988,2530
6,8201,1,1988,307
6,8151,1,1987,1783
6,8201,1,1987,166
6,2004,1,1984,541
6,2647,1,1984,362
6,1253,1,1989,210
6,2004,1,1989,1640
6,8151,1,1982,595
6,8201,1,1982,57
6,8151,1,1985,1759
6,8201,1,1985,122
6,8151,1,1990,2237
6,1253,1,1983,72
6,2004,1,1983,464
6,2647,1,1983,325
6,8151,1,1984,1641
6,8201,1,1984,71
6,1253,1,1986,112
6,2004,1,1986,686
6,1253,1,1988,179
6,2004,1,1988,1023
6,2647,1,1988,506
6,1253,1,1987,179
6,2004,1,1987,924
6,2647,1,1987,422
6,2647,1,1989,520
6,1253,1,1990,210
6,2004,1,1990,1962
6,2647,1,1990,293
6,8151,1,1983,740
6,8201,1,1983,64
6,2647,1,1986,401
6,8151,1,1991,2237
6,8201,1,1991,125
6,8201,1,1993,173
6,8151,1,1992,1938
6,8201,1,1992,142
6,8201,1,1990,133
6,1253,1,1991,104
6,1253,1,1993,151
6,2004,1,1993,3000
6,2647,1,1993,430
6,2004,1,1991,1752
6,2647,1,1991,327
6,8201,1,1994,163
6,1253,1,1992,51
6,2004,1,1992,3000
6,2647,1,1992,269
6,1253,1,1995,169
6,2004,1,1995,3216
6,2647,1,1995,544
6,1253,1,1996,179
6,2004,1,1996,3538
6,2647,1,1996,548
6,1253,1,1997,190
6,2004,1,1997,2278
6,8201,1,1998,488
6,8201,1,1995,163
6,2647,1,1997,416
6,8201,1,1996,165
6,1253,1,1998,201
6,2004,1,1998,2106
6,2647,1,1998,402
6,8201,1,1997,478
6,8201,1,2000,616
6,8201,1,2002,714
6,2647,1,1999,474
6,1253,1,2001,238
6,2647,1,2001,557
6,1253,1,2000,225
6,2004,1,2000,2865
6,1253,1,2002,251
6,2647,1,2002,598
6,2647,1,2000,474
6,8201,1,2001,655
6,8201,1,1999,616
6,1253,1,1999,212
6,2004,1,1999,2865
6,1253,1,2010,395
6,8201,1,2005,728
6,1253,1,2006,315
6,2647,1,2006,754
6,1253,1,2003,266
6,2647,1,2003,621
6,1253,1,2004,281
6,2647,1,2004,660
6,1253,1,2005,298
6,2647,1,2005,690
6,8201,1,2006,560
6,8201,1,2003,675
6,8201,1,2004,690
6,1253,1,2009,373
6,2647,1,2009,633
6,1253,3,2012,442
6,1253,2,2012,442
6,1253,1,2007,333
6,2647,1,2007,766
6,1253,3,2014,495
6,1253,2,2014,495
6,1253,2,2011,418
6,1253,1,2011,418
6,8201,1,2007,579
6,1253,1,2008,353
6,2647,1,2008,775
6,1253,2,2013,468
6,1253,3,2013,468
6,1253,3,2017,586
6,1253,2,2017,586
6,1253,2,2015,524
6,1253,3,2015,524
6,1253,3,2016,554
6,1253,2,2016,554
12,3996,1,1977,345
12,4099,1,1977,252
12,3995,1,1981,390
12,3996,1,1981,297
12,4099,1,1981,228
12,9054,1,1977,104
12,3996,1,1974,386
12,3995,1,1975,267
12,3996,1,1975,372
12,9054,1,1981,144
12,1060,1,1980,386
12,3995,1,1978,322
12,3996,1,1978,332
12,4099,1,1978,246
12,3995,1,1980,366
12,3996,1,1980,308
12,3995,1,1976,284
12,3996,1,1976,358
12,9054,1,1974,82
12,4099,1,1976,259
12,1060,1,1979,403
12,9054,1,1975,89
12,3995,1,1979,343
12,3996,1,1979,320
12,4099,1,1979,240
12,4099,1,1980,207
12,9054,1,1978,113
12,9054,1,1980,133
12,9054,1,1976,96
12,3995,1,1977,303
12,9054,1,1979,123
12,1060,1,1981,370
12,1060,1,1982,355
12,1060,1,1994,126
12,1060,1,1985,375
12,3995,1,1987,570
12,3996,1,1987,236
12,4097,1,1987,1517
12,4099,1,1987,196
12,4103,1,1987,179
12,4105,1,1987,207
12,4107,1,1987,256
12,4108,1,1987,132
12,9054,1,1983,169
12,3995,1,1990,699
12,3996,1,1990,203
12,4097,1,1990,1240
12,4099,1,1990,207
12,4103,1,1990,259
12,4105,1,1990,326
12,4107,1,1990,214
12,4108,1,1990,298
12,3995,1,1982,415
12,3996,1,1982,286
12,1060,1,1984,594
12,4099,1,1982,222
12,4103,1,1982,102
12,3995,1,1985,502
12,3996,1,1985,255
12,4099,1,1985,207
12,9054,1,1986,216
12,9054,1,1988,254
12,4103,1,1985,143
12,4105,1,1985,100
12,4107,1,1985,295
12,9054,1,1987,234
12,9054,1,1989,275
12,1060,1,1989,264
12,3995,1,1984,471
12,3996,1,1984,265
12,4099,1,1984,212
12,4103,1,1984,127
12,4105,1,1984,46
12,4107,1,1984,299
12,9054,1,1982,156
12,9054,1,1985,199
12,1060,1,1983,594
12,3995,1,1983,442
12,9054,1,1984,184
12,3996,1,1983,275
12,1060,1,1986,392
12,1060,1,1988,447
12,1060,1,1987,392
12,3995,1,1988,607
12,3996,1,1988,228
12,4097,1,1988,1512
12,4099,1,1988,191
12,3995,1,1989,647
12,3996,1,1989,347
12,4099,1,1983,217
12,4103,1,1983,114
12,4107,1,1983,267
12,1060,1,1990,253
12,4097,1,1989,1238
12,4099,1,1989,186
12,4103,1,1989,232
12,4105,1,1989,460
12,4107,1,1989,311
12,4108,1,1989,173
12,3995,1,1986,535
12,3996,1,1986,246
12,4097,1,1986,1147
12,4099,1,1986,201
12,4103,1,1986,160
12,4105,1,1986,153
12,4107,1,1986,171
12,4108,1,1986,111
12,4103,1,1988,208
12,4105,1,1988,141
12,4107,1,1988,280
12,4108,1,1988,153
12,3995,1,1995,511
12,3996,1,1995,162
12,9054,1,1993,392
12,9054,1,1992,429
12,9054,1,1991,406
12,3995,1,1994,501
12,3996,1,1994,132
12,4097,1,1994,1341
12,4103,1,1994,302
12,4107,1,1994,100
12,4108,1,1994,283
12,9054,1,1990,252
12,1060,1,1991,174
12,1060,1,1992,130
12,1060,1,1993,178
12,3995,1,1993,449
12,3996,1,1993,203
12,3995,1,1991,1529
12,3996,1,1991,187
12,4097,1,1991,740
12,4099,1,1991,207
12,4103,1,1991,413
12,3995,1,1992,1022
12,3996,1,1992,146
12,4097,1,1993,1383
12,4103,1,1993,246
12,4105,1,1993,449
12,4107,1,1993,145
12,4108,1,1993,109
12,4105,1,1991,472
12,4107,1,1991,94
12,4108,1,1991,244
12,1060,1,1995,146
12,9054,1,1994,411
12,1060,1,1996,139
12,4097,1,1992,1146
12,4099,1,1992,222
12,4103,1,1992,557
12,4105,1,1992,526
12,4107,1,1992,134
12,4108,1,1992,199
12,4097,1,1998,1706
12,4103,1,1998,837
12,4107,1,1998,177
12,4097,1,1995,1373
12,4103,1,1995,251
12,4107,1,1995,121
12,4108,1,1995,291
12,3995,1,1996,1773
12,3996,1,1996,169
12,4097,1,1996,1448
12,4103,1,1996,714
12,4107,1,1996,149
12,1060,1,1997,98
12,4108,1,1996,165
12,3995,1,1997,1826
12,3996,1,1997,204
12,1060,1,1998,81
12,9054,1,1995,526
12,9054,1,1996,504
12,4097,1,1997,1558
12,4103,1,1997,764
12,4107,1,1997,204
12,9054,1,1997,539
12,3996,1,1998,188
12,4097,1,2002,1713
12,1060,1,2000,83
12,4097,1,1999,1680
12,4103,1,1999,897
12,4097,1,2001,1753
12,4097,1,2000,1701
12,4103,1,2000,803
12,1060,1,2002,230
12,1060,1,2001,96
12,1060,1,1999,106
12,1060,1,2003,237
12,4097,1,2003,2275
12,4097,1,2004,2329
12,4097,1,2005,1872
13,4111,1,1981,293
13,4111,1,1980,284
13,4111,1,1987,348
13,4111,1,1990,562
13,4111,1,1982,302
13,4111,1,1985,330
13,4111,1,1984,321
13,4111,1,1983,312
13,4111,1,1989,258
13,4111,1,1986,339
13,4111,1,1988,357
13,4111,1,1991,671
13,4111,1,1992,173
15,7080,1,1977,68
15,7080,1,1981,81
15,1006,1,1980,143
15,7080,1,1978,75
15,7080,1,1976,61
15,7080,1,1975,57
15,7080,1,1980,55
15,7080,1,1979,65
15,1006,1,1981,146
15,1006,1,1982,150
15,7080,1,1988,151
15,7080,1,1989,447
15,1003,1,1984,49
15,1006,1,1984,131
15,1008,1,1984,167
15,7080,1,1986,151
15,7080,1,1987,151
15,1003,1,1989,87
15,1006,1,1989,197
15,1008,1,1989,177
15,7080,1,1982,106
15,7080,1,1985,144
15,1003,1,1988,92
15,1006,1,1988,200
15,1008,1,1988,162
15,1003,1,1987,96
15,1006,1,1987,204
15,7080,1,1984,136
15,7080,1,1990,262
15,1006,1,1983,93
15,1003,1,1986,80
15,1006,1,1986,187
15,1008,1,1986,209
15,1008,1,1987,219
15,1003,1,1990,184
15,1006,1,1990,184
15,1008,1,1990,357
15,1003,1,1994,135
15,1006,1,1994,179
15,1008,1,1994,172
15,7080,1,1983,121
15,1003,1,1985,65
15,1006,1,1985,169
15,1008,1,1985,211
15,7080,1,1993,223
15,1003,1,1993,126
15,1006,1,1993,188
15,1008,1,1993,258
15,1003,1,1991,170
15,7080,1,1992,235
15,1003,1,1992,178
15,1006,1,1992,161
15,1008,1,1992,344
15,1006,1,1991,154
15,1008,1,1991,351
15,7080,1,1994,210
15,7080,1,1991,248
15,1003,1,1997,84
15,1006,1,1997,229
15,1008,1,1997,289
15,1003,1,1998,177
15,1006,1,1998,193
15,1008,1,1998,264
15,7080,1,1998,285
15,7080,1,1995,193
15,1003,1,1995,138
15,1006,1,1995,202
15,1008,1,1995,324
15,7080,1,1996,461
15,1003,1,1996,175
15,1006,1,1996,209
15,1008,1,1996,254
15,7080,1,1997,375
15,1003,1,2000,180
15,1006,1,2000,189
15,1008,1,2000,490
15,7080,1,2002,380
15,7080,1,1999,504
15,1003,1,1999,166
15,1006,1,1999,157
15,1008,1,1999,377
15,7080,1,2001,572
15,1003,1,2002,167
15,7080,1,2000,608
15,1006,1,2002,210
15,1008,1,2002,224
15,1003,1,2001,194
15,1006,1,2001,220
15,1008,1,2001,357
15,1003,1,2006,204
15,1006,1,2006,257
15,1008,1,2006,441
15,1003,1,2003,165
15,1006,1,2003,182
15,1008,1,2003,491
15,1003,1,2004,270
15,1006,1,2004,252
15,1008,1,2004,493
15,1003,1,2005,396
15,1006,1,2005,202
15,1008,1,2005,424
15,7080,1,2003,433
15,1003,1,2007,290
15,1006,1,2007,218
15,1008,1,2007,814
15,1003,1,2008,231
15,1006,1,2008,236
15,1008,1,2008,408
15,1008,1,2009,369
16,1021,1,1989,490
16,1021,1,1988,473
16,1021,1,1986,456
16,1021,1,1987,456
16,1021,1,1990,446
16,1021,1,1994,633
16,1021,1,1985,387
16,1021,1,1993,776
16,1021,1,1992,402
16,1021,1,1991,492
16,1021,1,1996,330
16,1021,1,1997,450
16,1021,1,1998,473
16,1021,1,1995,760
16,1021,1,2000,528
16,1021,1,2002,597
16,1021,1,1999,530
16,1021,1,2001,565
16,1021,1,2006,668
16,1021,1,2003,626
16,1021,1,2004,644
16,1021,1,2005,656
17,1003,1,1989,217
17,1003,1,1988,217
17,1003,1,1987,217
17,1003,1,1986,204
17,1003,1,1990,212
17,1003,1,1994,286
17,1003,1,1993,299
17,1003,1,1991,208
17,1003,1,1992,247
17,1003,1,1997,375
17,1003,1,1998,338
17,1003,1,1995,305
17,1003,1,1996,375
17,1003,1,2000,405
17,1003,1,1999,379
17,1003,1,2002,525
17,1003,1,2001,465
17,1003,1,2006,765
17,1003,1,2003,567
17,1003,1,2004,645
17,1003,1,2005,705
17,1003,1,2007,825
18,2009,1,1984,340
18,2009,1,1999,564
18,2009,1,1992,483
18,2009,1,1998,657
18,2009,1,1997,542
18,2009,1,1996,469
18,2009,1,1995,602
18,2009,1,1982,314
18,2009,1,1993,515
18,2009,1,1981,297
18,2009,1,1991,481
18,2009,1,1990,480
18,2009,1,1989,450
18,2009,1,1988,435
18,2009,1,1987,412
18,2009,1,1986,354
18,2009,1,1985,346
18,2009,1,1983,327
18,2009,1,1994,472
23,1012,1,1999,1854
23,1012,1,1987,1440
23,1012,1,1986,1310
23,1012,1,1985,1280
23,1012,1,1989,1690
23,1012,1,2002,1799
23,1012,1,2000,1782
23,1012,1,1990,1150
23,1012,1,1988,1470
23,1012,1,1998,1530
23,1012,1,1997,1437
23,1012,1,1996,1343
23,1012,1,1995,1320
23,1012,1,1994,1280
23,1012,1,1993,1270
23,1012,1,1992,1210
23,1012,1,1991,1160
23,1012,1,2001,1843
26,1001,1,2006,87
26,1001,1,2005,83
26,1001,1,2004,79
26,1001,1,2003,55
26,1001,1,2002,73
26,1001,1,2001,84
26,1001,1,2000,81
26,1001,1,1982,55
26,1001,1,1984,55
26,1010,1,1993,130
26,1010,1,1982,316
26,1010,1,1991,80
26,1010,1,1990,78
26,1010,1,1989,200
26,1010,1,1988,160
26,1010,1,1987,455
26,1010,1,1986,445
26,1010,1,1985,445
26,1010,1,1995,202
26,1010,1,1983,450
26,1010,1,1994,184
26,1010,1,1981,450
26,1010,1,1980,450
26,1010,1,1979,425
26,1010,1,1978,425
26,1010,1,1977,400
26,1010,1,1976,390
26,1010,1,1975,350
26,1010,1,1984,450
26,1010,1,1992,82
26,1010,1,1998,98
26,1010,1,1997,126
26,1010,1,1996,158
26,1001,1,1979,85
26,1001,1,1985,55
26,1001,1,1996,129
26,1001,1,1995,112
26,1001,1,1994,79
26,1001,1,1993,78
26,1001,1,1992,55
26,1001,1,1991,68
26,1001,1,1990,40
26,1001,1,1989,45
26,1001,1,1988,50
26,1001,1,1971,35
26,1001,1,1986,55
26,1001,1,1999,62
26,1001,1,1983,55
26,1001,1,1981,55
26,1001,1,1980,85
26,1001,1,1978,75
26,1001,1,1976,65
26,1001,1,1975,65
26,1001,1,1974,60
26,1001,1,1973,55
26,1001,1,1972,40
26,1001,1,1987,55
26,1001,1,1977,75
26,1001,1,1997,117
26,1001,1,1998,126
27,1029,1,1988,210
27,1029,1,1971,230
27,1029,1,1994,205
27,1029,1,1970,225
27,1029,1,1995,217
27,1029,1,1993,184
27,1029,1,1992,207
27,1029,1,1991,188
27,1029,1,1990,170
27,1029,1,1989,220
27,1029,1,1997,195
27,1029,1,1974,290
27,1029,1,1996,187
27,1029,1,1987,200
27,1029,1,1977,210
27,1029,1,1975,240
27,1029,1,1973,260
27,1029,1,1978,225
27,1029,1,1979,210
27,1029,1,1972,240
27,1029,1,1981,200
27,1029,1,1982,210
27,1029,1,1983,210
27,1029,1,1984,210
27,1029,1,1980,200
27,1029,1,1986,190
27,1029,1,1976,190
27,1029,1,1985,200
28,1016,1,1990,124
28,1016,1,1995,169
28,1016,1,1996,280
28,1016,1,1997,208
28,1016,1,1998,214
28,1016,1,1993,173
28,1016,1,1991,155
28,1016,1,1992,171
28,1016,1,1994,168
28,1016,1,1989,110
28,1016,1,1986,90
28,1016,1,1987,90
28,1016,1,1988,120
28,3083,1,1998,28
28,3083,1,2009,41
28,3083,1,1997,34
28,3083,1,2011,43
28,3083,1,2012,45
28,3083,1,2013,46
28,3083,1,2014,48
28,3083,1,2015,49
28,3083,1,2016,51
28,3083,1,2017,53
28,3083,1,2007,38
28,3083,1,1989,20
28,3083,1,1979,10
28,3083,1,1980,15
28,3083,1,1982,25
28,3083,1,2006,37
28,3083,1,1984,25
28,3083,1,1985,25
28,3083,1,1986,25
28,3083,1,1999,29
28,3083,1,1988,20
28,3083,1,1978,10
28,3083,1,1990,13
28,3083,1,1991,19
28,3083,1,1992,23
28,3083,1,1993,24
28,3083,1,1994,24
28,3083,1,1995,22
28,3083,1,1996,26
28,3083,1,1987,25
28,3083,1,2008,39
28,3082,1,1998,422
28,3082,1,1989,335
28,3082,1,1990,252
28,3082,1,1991,262
28,3082,1,1992,354
28,3082,1,1993,364
28,3082,1,1994,375
28,3082,1,1995,386
28,3082,1,1997,410
28,3082,1,1999,510
28,3082,1,2000,493
28,3082,1,2001,465
28,3082,1,1996,398
28,3083,1,1983,25
28,3083,1,2010,42
28,3083,1,1981,15
28,3083,1,2000,30
28,3083,1,2001,31
28,3083,1,2002,32
28,3083,1,2003,33
28,3083,1,2004,35
28,3083,1,2005,36
29,1005,1,2002,789
29,1005,1,1997,472
29,1005,1,1998,513
29,1005,1,1999,542
29,1005,1,2001,760
29,1005,1,2003,803
29,1005,1,2004,860
29,1005,1,2005,757
29,1005,1,2000,730
29,1005,1,1987,337
29,1005,1,1981,274
29,1005,1,1984,285
29,1005,1,1994,499
29,1005,1,1993,447
29,1005,1,1992,317
29,1005,1,1991,481
29,1005,1,1995,405
29,1005,1,1996,477
29,1005,1,1990,598
29,1005,1,1988,371
29,1005,1,1986,311
29,1005,1,1975,204
29,1005,1,1980,251
29,1005,1,1979,229
29,1005,1,1978,223
29,1005,1,1989,398
29,1005,1,1976,209
29,1005,1,1985,277
29,1005,1,1974,200
29,1005,1,1983,292
29,1005,1,1982,297
29,1005,1,1977,216
30,1001,1,1990,172
30,1001,1,1983,166
30,1001,1,1985,139
30,1001,1,1986,166
30,1001,1,1987,157
30,1001,1,1989,151
30,1001,1,1982,154
30,1001,1,1991,155
30,1001,1,1992,168
30,1001,1,1993,172
30,1001,1,1994,195
30,1001,1,1995,200
30,1001,1,1996,214
30,1001,1,1997,212
30,1001,1,1998,199
30,1001,1,1999,189
30,1001,1,1988,147
30,1001,1,1984,171
34,1638,1,1991,1430
34,1638,1,2007,1336
34,1638,1,2005,1700
34,1638,1,2003,1914
34,1638,1,1985,1053
34,1638,1,2002,1609
34,1638,1,2001,1592
34,1638,1,2000,1380
34,1638,1,1999,1178
34,1638,1,2004,1860
34,1638,1,1990,1250
34,1638,1,1989,1190
34,1638,1,1988,1000
34,1638,1,1998,1269
34,1638,1,1986,720
34,1638,1,2006,1405
34,1638,1,1997,1254
34,1638,1,1996,1189
34,1638,1,1992,1615
34,1638,1,1993,1146
34,1638,1,1994,1149
34,1638,1,1995,1167
34,1638,1,1987,850
35,2006,1,1992,309
35,2006,1,1987,217
35,2006,1,1984,247
35,2006,1,1986,330
35,2006,1,1988,223
35,2006,1,1989,279
35,2006,1,1990,354
35,2006,1,1991,297
35,2006,1,1993,345
35,2006,1,1982,252
35,2006,1,1983,219
35,2006,1,1985,270
35,1022,1,1995,689
35,1022,1,1999,496
35,1022,1,1998,481
35,1022,1,1996,330
35,1022,1,1986,414
35,1022,1,1994,953
35,1022,1,1993,909
35,1022,1,1992,309
35,1022,1,1991,612
35,1022,1,1990,594
35,1022,1,1989,426
35,1022,1,1988,214
35,1022,1,1987,208
35,1022,1,1997,910
35,1112,1,1989,172
35,1112,1,1990,11
35,1112,1,1988,218
35,1112,1,1996,55
35,1112,1,1987,221
35,1112,1,1995,37
35,1112,1,2003,49
35,1112,1,1986,330
35,1112,1,1991,15
35,1112,1,1992,16
35,1112,1,1993,452
35,1112,1,1985,304
35,1112,1,1997,490
35,1112,1,1998,373
35,1112,1,2004,139
35,1112,1,1999,381
35,1112,1,1984,309
35,1112,1,2002,45
35,1112,1,2001,31
35,1112,1,2000,239
35,1112,1,1994,459
37,1030,1,1984,147
37,1030,1,1985,167
37,1030,1,1986,174
37,1030,1,1987,181
37,1030,1,1988,188
37,1030,1,1989,195
37,1030,1,1990,203
37,1030,1,1991,211
37,1030,1,1992,209
37,1030,1,1993,219
37,1030,1,1994,198
37,1030,1,1995,229
37,1030,1,1996,257
37,1030,1,1997,267
37,1030,1,1998,278
37,1030,1,1999,289
37,1030,1,2000,295
40,4165,1,2006,333
40,4165,1,2007,217
40,1015,1,1978,258
40,1015,1,1979,263
40,1015,1,1980,277
40,1015,1,1981,295
40,1015,1,1982,300
40,1015,1,1983,305
40,1015,1,1984,320
40,1015,1,1985,340
40,1015,1,1986,330
40,1015,1,1987,305
40,1015,1,1988,300
40,1015,1,1989,300
40,1015,1,1990,297
40,1015,1,1991,297
40,1015,1,1992,215
40,1015,1,1993,148
40,1015,1,1994,208
40,1015,1,1995,198
40,1015,1,1996,223
40,1015,1,1997,210
40,1015,1,1998,214
40,1015,1,1999,249
40,1015,1,2000,256
40,1015,1,2001,264
40,1015,1,2002,272
40,1015,1,2003,304
40,1015,1,2004,324
40,1015,1,2005,346
40,1015,1,2006,350
40,1015,1,2007,379
40,1015,1,2008,350
40,1017,1,1981,750
40,1017,1,1982,763
40,1017,1,1983,784
40,1017,1,1984,804
40,1017,1,1985,818
40,1017,1,1986,852
40,1017,1,1987,885
40,1017,1,1988,900
40,1017,1,1989,920
40,1017,1,1990,1218
40,1017,1,1991,1282
40,1017,1,1992,1346
40,1017,1,1993,1149
40,1017,1,1994,1273
40,1017,1,1995,297
40,1017,1,1996,346
40,4165,1,1984,290
40,4165,1,1985,330
40,4165,1,1986,330
40,4165,1,1987,340
40,4165,1,1988,340
40,4165,1,1989,330
40,4165,1,1990,350
40,4165,1,1991,350
40,4165,1,1992,224
40,4165,1,1993,224
40,4165,1,1994,224
40,4165,1,1995,224
40,4165,1,1996,185
40,4165,1,1997,224
40,4165,1,1998,224
40,4165,1,1999,287
40,4165,1,2000,296
40,4165,1,2001,304
40,4165,1,2002,321
40,4165,1,2003,327
40,4165,1,2004,348
40,4165,1,2005,367
45,1008,1,1970,26
45,1008,1,1971,27
45,1008,1,1972,28
45,1008,1,1973,30
45,1008,1,1974,31
45,1008,1,1975,33
45,1008,1,1976,34
45,1008,1,1977,36
45,1008,1,1978,38
45,1008,1,1979,39
45,1008,1,1980,41
45,1008,1,1981,43
45,1008,1,1982,45
45,1008,1,1983,48
45,1008,1,1984,68
45,1008,1,1985,50
45,1008,1,1986,49
45,1008,1,1987,47
45,1008,1,1988,61
45,1008,1,1989,85
45,1008,1,1990,62
45,1008,1,1991,95
45,1008,1,1992,81
47,3075,1,1971,38
47,3075,1,1972,49
47,3075,1,1973,47
47,3075,1,1974,54
47,3075,1,1975,57
47,3075,1,1976,60
47,3075,1,1977,58
47,3075,1,1978,60
47,3075,1,1979,57
47,3075,1,1980,74
47,3075,1,1981,79
47,3075,1,1982,72
47,3075,1,1983,77
47,3075,1,1984,87
47,3075,1,1985,108
47,3075,1,1986,108
47,3075,1,1987,129
47,3075,1,1988,130
47,3075,1,1989,129
47,3075,1,1990,140
47,3075,1,1991,153
47,3075,1,1992,76
47,3075,1,1993,106
47,3075,1,1994,136
47,3075,1,1995,153
47,3075,1,1996,159
47,3075,1,1997,166
47,3075,1,1998,423
47,3075,1,1999,154
47,3075,1,2000,159
47,3075,1,2001,418
47,3075,1,2002,132
48,1049,1,1984,1169
48,1049,1,1985,1099
48,1049,1,1986,1103
48,1049,1,1987,1157
48,1049,1,1988,1169
48,1049,1,1989,1208
48,1049,1,1990,901
48,1049,1,1991,924
48,1049,1,1992,1052
48,1049,1,1993,1322
48,1049,1,1994,1334
48,1049,1,1995,1338
48,1049,1,1996,1376
48,1060,1,1986,449
48,1060,1,1987,438
48,1060,1,1988,513
48,1060,1,1989,498
48,1060,1,1990,592
48,1060,1,1991,673
48,1060,1,1992,745
48,1060,1,1993,684
48,1060,1,1994,744
48,1060,1,1995,761
48,1060,1,1996,905
48,1060,1,1997,1066
48,1060,1,1998,991
48,1060,1,1999,1178
48,1060,1,2000,1305
48,3559,1,1970,98
48,3559,1,1971,106
48,3559,1,1972,112
48,3559,1,1973,116
48,3559,1,1974,122
48,3559,1,1975,155
48,3559,1,1976,148
48,3559,1,1977,164
48,3559,1,1978,152
48,3559,1,1979,153
48,3559,1,1980,172
48,3559,1,1981,179
48,3559,1,1982,186
48,3559,1,1983,197
48,3559,1,1984,205
48,3559,1,1985,234
48,3559,1,1986,248
48,3559,1,1987,273
48,3559,1,1988,297
48,3559,1,1989,316
48,3559,1,1990,126
48,3559,1,1991,116
48,3559,1,1992,154
48,3559,1,1993,153
48,3559,1,1994,209
48,3559,1,1995,179
48,3559,1,1996,206
48,3559,1,1997,216
48,3559,1,1998,220
48,3559,1,1999,208
48,3609,1,1974,129
48,3609,1,1975,109
48,3609,1,1976,122
48,3609,1,1977,119
48,3609,1,1978,112
48,3609,1,1979,92
48,3609,1,1980,91
48,3609,1,1981,90
48,3609,1,1982,96
48,3609,1,1983,84
48,3609,1,1984,86
48,3609,1,1985,88
48,3609,1,1986,122
48,3609,1,1987,118
48,3609,1,1988,97
48,3609,1,1989,97
48,3609,1,1990,110
48,3609,1,1991,92
50,1002,1,1984,250
50,1002,1,1985,250
50,1002,1,1986,340
50,1002,1,1987,340
50,1002,1,1988,270
50,1002,1,1989,290
50,1002,1,1990,220
50,1002,1,1991,225
50,1002,1,1992,240
50,1002,1,1993,220
50,1002,1,1994,224
50,1002,1,1995,224
50,1002,1,1996,248
50,1002,1,1997,262
50,1002,1,1998,257
50,1002,1,1999,380
50,1002,1,2000,392
50,1002,1,2001,325
50,1002,1,2002,292
50,1002,1,2003,302
50,1002,1,2004,282
50,1002,1,2005,348
53,1501,1,1982,33
53,1501,1,1983,35
53,1501,1,1984,36
53,1501,1,1985,34
53,1501,1,1986,38
53,1501,1,1987,39
53,1501,1,1988,40
53,1501,1,1989,41
53,1501,1,1990,42
53,1501,1,1991,77
53,1501,1,1992,53
53,1501,1,1993,55
53,1501,1,1994,54
53,1501,1,1995,14
53,1501,1,1996,41
53,1501,1,1997,56
53,1501,1,1998,57
53,1501,1,1999,46
53,1501,1,2000,53
56,2018,1,1983,253
56,2018,1,1984,243
56,2018,1,1985,243
56,2018,1,1986,220
56,2018,1,1987,218
56,2018,1,1988,198
56,2018,1,1989,198
56,2018,1,1990,182
56,2018,1,1991,183
56,2018,1,1992,183
56,2018,1,1993,167
56,2018,1,1994,160
85,1801,1,1984,336
85,1801,1,1985,404
85,1801,1,1986,558
85,1801,1,1987,336
85,1801,1,1988,209
85,1801,1,1989,586
85,1801,1,1990,446
85,1801,1,1991,468
85,1801,1,1992,474
85,1801,1,1993,167
85,1801,1,1994,446
85,1801,1,1995,433
85,1801,1,1996,420
85,1801,1,1997,290
85,1801,1,1998,395
85,1801,1,1999,404
85,1801,1,2000,414
85,1801,1,2001,424
85,1801,1,2002,435
85,1801,1,2003,446
85,1801,1,2004,457
85,1801,1,2005,468
85,1801,1,2006,480
85,1808,1,1983,129
85,1808,1,1984,134
85,1808,1,1985,80
85,1808,1,1986,80
85,1808,1,1987,195
85,1808,1,1988,180
85,1808,1,1989,195
85,1808,1,1990,200
85,1808,1,1991,214
85,1808,1,1992,121
85,1808,1,1993,70
85,1808,1,1994,93
85,1808,1,1995,102
85,1808,1,1996,106
85,1808,1,1997,113
85,1808,1,1998,111
85,1808,1,1999,109
85,1808,1,2000,108
85,1808,1,2001,106
85,1808,1,2002,104
85,1808,1,2003,103
85,1808,1,2004,101
85,1808,1,2005,100
85,1808,1,2006,98
85,1808,1,2007,97
85,1808,1,2008,95
85,1808,1,2009,94
85,1808,1,2010,92
85,1808,1,2011,91
85,1808,1,2012,89
85,1808,1,2013,88
85,1808,1,2014,87
85,1808,1,2015,85
85,1808,1,2016,84
85,1808,1,2017,83
